id,symbol,date,open,high,low,close,vol
10,BPCL,2012-01-01,504,494,494,494,23
88,BPCL,2012-01-02,494,485,485,485,200
161,BPCL,2012-01-03,485,476,476,476,40
239,BPCL,2012-01-04,476,479,470,479,620
452,BPCL,2012-01-09,479,497,488,497,34
528,BPCL,2012-01-10,479,516,506,516,56
600,BPCL,2012-01-11,516,506,506,506,30
682,BPCL,2012-01-12,506,536,516,536,75
1883,BPCL,2012-02-07,536,526,520,520,80
2787,BPCL,2012-02-27,520,510,468,468,846
2876,BPCL,2012-02-28,468,459,450,450,509
3111,BPCL,2012-03-04,450,455,450,455,1045
3273,BPCL,2012-03-06,455,455,455,455,100
3360,BPCL,2012-03-11,455,455,455,455,352
3761,BPCL,2012-03-18,455,460,460,460,10
3851,BPCL,2012-03-19,460,460,460,460,30
3938,BPCL,2012-03-20,460,456,439,439,421
4026,BPCL,2012-03-21,439,435,431,431,300
4186,BPCL,2012-03-26,431,423,415,415,200
4349,BPCL,2012-03-28,415,410,390,392,1800
4435,BPCL,2012-03-29,392,386,383,383,750
4518,BPCL,2012-04-01,383,414,364,414,1860
4603,BPCL,2012-04-02,414,430,422,430,40
4691,BPCL,2012-04-03,430,425,417,425,520
4864,BPCL,2012-04-05,425,417,417,417,150
4950,BPCL,2012-04-08,417,420,420,420,500
5027,BPCL,2012-04-09,420,412,396,396,300
5102,BPCL,2012-04-10,396,390,376,385,842
5175,BPCL,2012-04-11,385,408,386,395,730
5250,BPCL,2012-04-12,395,434,392,434,680
5332,BPCL,2012-04-15,434,459,405,405,28100
5463,BPCL,2012-04-17,405,477,450,450,1799
5538,BPCL,2012-04-18,450,473,414,414,2185
6029,BPCL,2012-04-29,414,454,422,454,50
6120,BPCL,2012-04-30,454,496,463,496,502
6204,BPCL,2012-05-02,496,525,505,515,1628
6254,BPCL,2012-05-03,515,532,525,532,1036
6378,BPCL,2012-05-08,532,563,541,541,3570
6449,BPCL,2012-05-09,541,565,551,560,1188
6538,BPCL,2012-05-10,560,570,548,549,2208
6624,BPCL,2012-05-13,549,540,540,540,160
6757,BPCL,2012-05-15,540,561,550,561,455
6821,BPCL,2012-05-16,561,583,572,583,20
6865,BPCL,2012-05-17,583,617,594,605,512
6946,BPCL,2012-05-20,605,593,545,561,1294
7015,BPCL,2012-05-21,561,566,550,555,340
7094,BPCL,2012-05-22,555,553,534,553,260
7174,BPCL,2012-05-23,553,542,542,542,42
7230,BPCL,2012-05-24,542,532,520,520,816
7311,BPCL,2012-05-27,520,540,500,540,370
7485,BPCL,2012-05-31,540,530,486,504,2281
7538,BPCL,2012-06-03,504,524,514,524,1120
7600,BPCL,2012-06-04,524,514,485,493,530
7677,BPCL,2012-06-05,493,493,475,475,110
7756,BPCL,2012-06-06,475,475,461,461,460
7834,BPCL,2012-06-07,461,480,453,475,1540
7909,BPCL,2012-06-10,475,466,460,460,40
7988,BPCL,2012-06-11,460,469,451,462,170
8240,BPCL,2012-06-14,462,473,455,473,3400
8561,BPCL,2012-06-20,473,491,482,490,210
8639,BPCL,2012-06-21,490,481,472,472,10280
8714,BPCL,2012-06-25,472,481,475,481,275
8792,BPCL,2012-06-26,481,489,480,480,1929
8873,BPCL,2012-06-27,480,488,488,488,100
8948,BPCL,2012-06-28,488,506,496,496,531
9099,BPCL,2012-07-02,496,487,471,471,2140
9181,BPCL,2012-07-03,471,480,470,479,1100
9260,BPCL,2012-07-04,479,497,488,497,99
9335,BPCL,2012-07-05,497,519,490,517,1357
9410,BPCL,2012-07-08,517,537,527,537,524
9491,BPCL,2012-07-09,537,547,527,547,321
9570,BPCL,2012-07-10,547,568,536,556,806
9652,BPCL,2012-07-11,556,555,535,555,220
9738,BPCL,2012-07-12,555,577,566,577,160
10315,BPCL,2012-07-23,577,566,540,541,1702
10385,BPCL,2012-07-24,541,540,531,540,1400
10462,BPCL,2012-07-25,540,535,528,528,1049
10543,BPCL,2012-07-26,528,518,518,518,500
10703,BPCL,2012-07-30,518,518,508,515,1724
10790,BPCL,2012-07-31,515,513,512,512,600
10876,BPCL,2012-08-01,512,542,522,542,42
10964,BPCL,2012-08-05,542,532,522,531,1986
11042,BPCL,2012-08-06,531,522,515,515,650
11128,BPCL,2012-08-07,515,527,515,527,1336
11221,BPCL,2012-08-08,527,571,537,571,5352
11306,BPCL,2012-08-12,571,616,569,578,6235
11397,BPCL,2012-08-13,578,581,565,570,2310
11480,BPCL,2012-08-14,570,615,581,604,6499
11557,BPCL,2012-08-15,604,599,585,589,3916
11639,BPCL,2012-08-16,589,597,580,589,5166
11722,BPCL,2012-08-19,589,602,580,599,9742
11805,BPCL,2012-08-21,599,620,600,616,3167
11894,BPCL,2012-08-22,616,640,621,640,1007
11981,BPCL,2012-08-23,640,668,640,652,6120
12072,BPCL,2012-08-26,652,665,639,651,2770
12163,BPCL,2012-08-27,651,658,650,658,5881
12258,BPCL,2012-08-28,658,675,657,661,2979
12355,BPCL,2012-08-29,661,674,661,662,1520
12444,BPCL,2012-08-30,662,670,662,665,3250
12541,BPCL,2012-09-02,665,689,670,682,4120
12635,BPCL,2012-09-03,682,691,675,685,539
12728,BPCL,2012-09-04,685,696,683,685,2300
12822,BPCL,2012-09-05,685,680,670,670,1630
12919,BPCL,2012-09-06,670,692,673,690,710
13007,BPCL,2012-09-09,690,697,681,695,1148
13101,BPCL,2012-09-10,695,691,682,689,1200
13199,BPCL,2012-09-11,689,690,677,689,462
13300,BPCL,2012-09-12,689,690,682,690,1300
13393,BPCL,2012-09-13,690,685,680,685,900
13496,BPCL,2012-09-16,685,696,686,689,750
13592,BPCL,2012-09-17,689,705,689,705,722
13690,BPCL,2012-09-18,705,745,707,745,1016
13782,BPCL,2012-09-19,745,735,710,710,500
13882,BPCL,2012-09-20,710,706,706,706,100
13977,BPCL,2012-09-23,706,710,696,697,4920
14070,BPCL,2012-09-24,697,695,690,695,2649
14159,BPCL,2012-09-25,695,703,690,703,7711
14250,BPCL,2012-09-26,703,714,700,714,4262
14350,BPCL,2012-09-30,714,723,705,723,5331
14452,BPCL,2012-10-01,723,725,717,725,924
14453,BPCL,2012-10-01,723,725,717,725,924
14628,BPCL,2012-10-02,725,735,728,733,2797
14723,BPCL,2012-10-03,733,738,730,733,1761
14825,BPCL,2012-10-04,733,750,734,748,2414
14918,BPCL,2012-10-07,748,792,762,790,2179
15018,BPCL,2012-10-08,790,795,770,770,5090
15117,BPCL,2012-10-09,770,769,750,750,3411
15216,BPCL,2012-10-10,750,755,754,754,400
15311,BPCL,2012-10-11,754,750,741,750,1717
15408,BPCL,2012-10-14,750,755,750,752,450
15505,BPCL,2012-10-15,752,755,755,755,879
15587,BPCL,2012-10-17,755,779,770,779,170
15671,BPCL,2012-10-18,779,770,770,770,300
15758,BPCL,2012-10-30,770,780,770,780,510
15836,BPCL,2012-10-31,780,800,780,794,4950
15913,BPCL,2012-11-01,794,795,789,795,1460
15995,BPCL,2012-11-04,795,792,786,788,3200
16084,BPCL,2012-11-05,788,793,777,790,3757
16176,BPCL,2012-11-06,790,800,785,788,2325
16271,BPCL,2012-11-07,788,810,790,799,5812
16368,BPCL,2012-11-08,799,816,795,800,3628
16454,BPCL,2012-11-11,800,808,791,795,1887
16534,BPCL,2012-11-12,795,800,789,796,2528
16611,BPCL,2012-11-18,796,805,785,805,5288
16697,BPCL,2012-11-20,805,835,800,835,11011
16787,BPCL,2012-11-21,835,832,805,820,8884
16866,BPCL,2012-11-22,820,825,813,819,6384
16958,BPCL,2012-11-25,819,846,819,819,5231
17041,BPCL,2012-11-26,819,807,807,807,186
17130,BPCL,2012-11-27,807,815,790,790,3893
17216,BPCL,2012-11-28,790,791,781,787,2892
17296,BPCL,2012-11-29,787,781,780,781,1235
17374,BPCL,2012-12-02,781,777,733,733,1149
17439,BPCL,2012-12-03,733,719,692,700,1167
17518,BPCL,2012-12-04,700,742,714,728,1633
17603,BPCL,2012-12-05,728,750,740,740,2413
17776,BPCL,2012-12-09,740,735,730,735,213
17933,BPCL,2012-12-11,735,725,721,725,730
18086,BPCL,2012-12-13,725,785,739,785,1570
18173,BPCL,2012-12-16,785,814,794,800,4069
18251,BPCL,2012-12-17,800,820,794,794,2165
18327,BPCL,2012-12-18,794,806,800,800,342
18407,BPCL,2012-12-19,800,802,787,787,1261
18490,BPCL,2012-12-20,787,802,783,800,5471
18730,BPCL,2012-12-26,800,812,800,800,4087
18810,BPCL,2012-12-27,800,805,805,805,100
18889,BPCL,2012-12-31,805,805,800,805,700
18965,BPCL,2013-01-01,805,805,805,805,100
19281,BPCL,2013-01-07,805,805,805,805,347
19413,BPCL,2013-01-09,805,810,810,810,100
19485,BPCL,2013-01-10,810,810,800,805,778
19562,BPCL,2013-01-13,805,808,804,805,872
19641,BPCL,2013-01-15,805,800,800,800,100
19797,BPCL,2013-01-17,800,800,800,800,806
19881,BPCL,2013-01-20,800,784,784,784,536
20110,BPCL,2013-01-23,784,790,790,790,55
20193,BPCL,2013-01-24,790,785,780,780,400
20725,BPCL,2013-02-05,780,770,770,770,121
20895,BPCL,2013-02-07,770,763,750,763,12150
20982,BPCL,2013-02-10,763,750,750,750,200
21070,BPCL,2013-02-12,750,765,760,760,142
21149,BPCL,2013-02-13,760,770,765,770,400
21329,BPCL,2013-02-17,770,790,785,790,210
21391,BPCL,2013-02-19,790,807,805,805,760
21470,BPCL,2013-02-20,805,803,803,803,400
21563,BPCL,2013-02-21,803,799,798,798,700
21644,BPCL,2013-02-24,798,783,780,780,300
21732,BPCL,2013-02-25,780,775,775,775,54
21814,BPCL,2013-02-26,775,805,790,805,537
22050,BPCL,2013-03-03,805,821,803,803,223
22215,BPCL,2013-03-05,803,790,790,790,220
22305,BPCL,2013-03-06,790,789,789,789,180
22384,BPCL,2013-03-07,789,775,775,775,105
22472,BPCL,2013-03-11,775,775,760,760,3451
22641,BPCL,2013-03-14,760,775,760,775,754
22722,BPCL,2013-03-17,775,772,760,765,5968
22805,BPCL,2013-03-18,765,755,745,755,310
22890,BPCL,2013-03-19,755,760,735,760,9566
22979,BPCL,2013-03-20,760,760,748,760,3724
23069,BPCL,2013-03-21,760,770,762,762,543
23157,BPCL,2013-03-24,762,755,755,755,74
23240,BPCL,2013-03-25,755,775,760,775,335
23321,BPCL,2013-03-27,775,765,760,765,150
23406,BPCL,2013-03-28,765,760,760,760,500
23560,BPCL,2013-04-01,760,760,760,760,40
23645,BPCL,2013-04-02,760,772,755,755,250
23726,BPCL,2013-04-03,755,755,740,755,818
23810,BPCL,2013-04-04,755,760,740,740,11097
23894,BPCL,2013-04-07,740,750,750,750,2657
23978,BPCL,2013-04-08,750,764,750,760,564
24065,BPCL,2013-04-09,760,770,750,770,955
24153,BPCL,2013-04-11,770,775,775,775,50
24244,BPCL,2013-04-15,775,769,769,769,200
24326,BPCL,2013-04-16,769,773,757,757,1355
24411,BPCL,2013-04-17,757,770,770,770,50
24647,BPCL,2013-04-22,770,755,755,755,10
24716,BPCL,2013-04-23,755,750,750,750,224
24796,BPCL,2013-04-25,750,750,749,750,2156
24873,BPCL,2013-04-28,750,750,750,750,2786
24953,BPCL,2013-04-29,750,765,758,765,210
25031,BPCL,2013-04-30,765,765,750,754,2099
25119,BPCL,2013-05-02,754,750,739,750,1897
25351,BPCL,2013-05-07,750,745,740,740,500
25428,BPCL,2013-05-08,740,740,740,740,100
25592,BPCL,2013-05-12,740,740,740,740,1080
25677,BPCL,2013-05-13,740,750,745,750,3536
25763,BPCL,2013-05-14,750,765,751,751,1342
25837,BPCL,2013-05-15,751,760,751,760,1630
25918,BPCL,2013-05-16,760,760,758,758,900
25994,BPCL,2013-05-19,758,765,765,765,100
26077,BPCL,2013-05-20,765,765,760,765,1250
26165,BPCL,2013-05-21,765,770,770,770,100
26249,BPCL,2013-05-22,770,760,760,760,632
26330,BPCL,2013-05-23,760,763,760,763,226
26420,BPCL,2013-05-26,763,760,760,760,7600
26501,BPCL,2013-05-27,760,764,760,760,1402
26590,BPCL,2013-05-28,760,765,761,761,800
26682,BPCL,2013-05-30,761,776,770,770,970
26766,BPCL,2013-06-02,770,765,765,765,76
26940,BPCL,2013-06-04,765,770,770,770,83
27032,BPCL,2013-06-05,770,800,775,800,1800
27115,BPCL,2013-06-06,800,795,785,785,1177
27282,BPCL,2013-06-10,785,795,775,795,3467
27455,BPCL,2013-06-12,795,795,780,795,250
27542,BPCL,2013-06-13,795,780,780,780,100
27631,BPCL,2013-06-16,780,765,765,765,14106
27706,BPCL,2013-06-17,765,778,778,778,12
27786,BPCL,2013-06-18,778,789,789,789,100
27879,BPCL,2013-06-19,789,776,775,775,406
27958,BPCL,2013-06-20,775,788,780,788,176
28206,BPCL,2013-06-25,788,790,780,790,399
28293,BPCL,2013-06-26,790,775,760,760,12100
28380,BPCL,2013-06-27,760,790,775,790,1010
28469,BPCL,2013-06-30,790,775,775,775,100
28550,BPCL,2013-07-01,775,789,789,789,26
28640,BPCL,2013-07-02,789,786,786,786,116
28733,BPCL,2013-07-03,786,799,790,790,336
28822,BPCL,2013-07-04,790,786,785,785,204
28913,BPCL,2013-07-07,785,795,795,795,5000
29007,BPCL,2013-07-08,795,795,780,785,840
29191,BPCL,2013-07-10,785,775,770,775,704
29280,BPCL,2013-07-11,775,780,760,780,3591
29364,BPCL,2013-07-14,780,785,770,785,500
29447,BPCL,2013-07-15,785,830,775,830,1106
29542,BPCL,2013-07-16,830,846,784,785,3307
29622,BPCL,2013-07-17,785,799,792,792,40
29708,BPCL,2013-07-18,792,810,797,797,693
29790,BPCL,2013-07-21,797,812,797,798,2590
29877,BPCL,2013-07-22,798,800,799,799,120
29975,BPCL,2013-07-23,799,800,798,798,1624
30070,BPCL,2013-07-24,798,831,798,820,8296
30159,BPCL,2013-07-25,820,852,820,840,5588
30246,BPCL,2013-07-28,840,884,840,877,6670
30330,BPCL,2013-07-29,877,894,880,880,7290
30428,BPCL,2013-07-30,880,915,850,900,7035
30527,BPCL,2013-07-31,900,925,912,915,3376
30623,BPCL,2013-08-01,915,925,910,919,973
30724,BPCL,2013-08-04,919,937,917,917,1020
30821,BPCL,2013-08-05,917,901,882,882,1414
30916,BPCL,2013-08-06,882,890,884,884,118
31011,BPCL,2013-08-07,884,890,890,890,100
31112,BPCL,2013-08-08,890,900,882,882,1400
31209,BPCL,2013-08-11,882,880,880,880,699
31314,BPCL,2013-08-12,880,880,880,880,749
31423,BPCL,2013-08-13,880,884,871,871,219
31527,BPCL,2013-08-14,871,869,840,840,294
31846,BPCL,2013-08-19,840,835,835,835,100
31956,BPCL,2013-08-20,835,819,803,803,250
32070,BPCL,2013-08-25,803,789,789,789,60
32185,BPCL,2013-08-26,789,815,780,810,7921
32298,BPCL,2013-08-27,810,841,820,841,2235
32409,BPCL,2013-08-29,841,840,840,840,431
32518,BPCL,2013-09-01,840,850,845,845,1500
32630,BPCL,2013-09-02,845,853,850,853,600
32744,BPCL,2013-09-03,853,850,838,840,636
32854,BPCL,2013-09-04,840,830,830,830,100
33069,BPCL,2013-09-08,830,814,814,814,250
33270,BPCL,2013-09-10,814,800,800,800,200
33386,BPCL,2013-09-11,800,790,790,790,743
33495,BPCL,2013-09-12,790,810,805,810,280
33596,BPCL,2013-09-15,810,800,800,800,394
33706,BPCL,2013-09-16,800,800,800,800,457
33808,BPCL,2013-09-17,800,805,799,805,186
33922,BPCL,2013-09-19,805,806,789,789,1313
34026,BPCL,2013-09-22,789,790,782,782,512
34133,BPCL,2013-09-23,782,792,790,791,884
34524,BPCL,2013-09-29,791,816,800,816,71
34634,BPCL,2013-09-30,816,800,795,795,250
34730,BPCL,2013-10-01,795,791,785,790,650
35109,BPCL,2013-10-07,790,790,780,782,2265
35374,BPCL,2013-10-10,782,795,795,795,150
35454,BPCL,2013-10-17,795,805,799,800,1036
35519,BPCL,2013-10-20,800,805,800,805,1504
35607,BPCL,2013-10-21,805,810,795,795,3150
35699,BPCL,2013-10-22,795,800,793,800,464
35797,BPCL,2013-10-23,800,800,800,800,500
35891,BPCL,2013-10-24,800,790,790,790,200
35984,BPCL,2013-10-27,790,782,780,782,274
36279,BPCL,2013-10-30,782,780,780,780,221
36372,BPCL,2013-10-31,780,780,780,780,74
36551,BPCL,2013-11-07,780,775,775,775,200
36863,BPCL,2013-11-13,775,800,790,800,200
36962,BPCL,2013-11-14,800,815,801,801,213
37115,BPCL,2013-11-24,801,881,817,881,8008
37209,BPCL,2013-11-25,881,920,875,907,7359
37310,BPCL,2013-11-26,907,927,892,921,4045
37412,BPCL,2013-11-27,921,935,905,921,8002
37514,BPCL,2013-11-28,921,938,920,926,2681
37621,BPCL,2013-12-01,926,982,944,982,5767
37731,BPCL,2013-12-02,982,1010,980,999,9298
37837,BPCL,2013-12-03,999,1050,1000,1045,11632
37952,BPCL,2013-12-04,1045,1144,1065,1100,4922
38059,BPCL,2013-12-05,1100,1150,1045,1045,11406
38181,BPCL,2013-12-08,1045,1096,1054,1075,3739
38298,BPCL,2013-12-09,1075,1080,1050,1052,8067
38415,BPCL,2013-12-10,1052,1068,1045,1055,2485
38536,BPCL,2013-12-11,1055,1065,1050,1050,2994
38656,BPCL,2013-12-12,1050,1060,1030,1052,7500
38774,BPCL,2013-12-15,1052,1081,1055,1081,6520
38882,BPCL,2013-12-16,1081,1146,1102,1146,455
38977,BPCL,2013-12-18,1146,1214,1168,1210,1823
39076,BPCL,2013-12-19,1210,1234,1141,1234,4358
39182,BPCL,2013-12-22,1234,1225,1160,1180,2364
39299,BPCL,2013-12-23,1165,1178,1150,1150,14998
39408,BPCL,2013-12-24,1150,1150,1110,1145,4841
39519,BPCL,2013-12-26,1145,1198,1160,1170,4747
39635,BPCL,2013-12-29,1170,1170,1140,1140,2177
39741,BPCL,2013-12-31,1140,1135,1130,1135,2237
39839,BPCL,2014-01-01,1135,1130,1113,1120,1726
39940,BPCL,2014-01-02,1120,1120,1090,1110,3104
40038,BPCL,2014-01-05,1110,1145,1115,1135,2152
40149,BPCL,2014-01-06,1135,1141,1100,1110,4395
40252,BPCL,2014-01-07,1110,1130,1100,1130,1661
40357,BPCL,2014-01-08,1130,1150,1140,1140,600
40463,BPCL,2014-01-09,1140,1159,1145,1155,2347
40569,BPCL,2014-01-12,1155,1206,1175,1192,5094
40683,BPCL,2014-01-13,1192,1200,1170,1200,1805
40796,BPCL,2014-01-14,1200,1320,1205,1320,13868
40912,BPCL,2014-01-16,1320,1426,1339,1346,13410
41024,BPCL,2014-01-19,1346,1400,1347,1372,5221
41121,BPCL,2014-01-20,1372,1385,1352,1352,1012
41241,BPCL,2014-01-21,1352,1366,1320,1325,1327
41362,BPCL,2014-01-22,1325,1365,1270,1270,3699
41485,BPCL,2014-01-23,1270,1295,1270,1282,1489
41610,BPCL,2014-01-26,1282,1300,1257,1265,3279
41738,BPCL,2014-01-27,1265,1269,1245,1250,1641
41861,BPCL,2014-01-28,1250,1249,1225,1225,1053
41980,BPCL,2014-01-29,1225,1268,1225,1250,10563
42102,BPCL,2014-02-02,1250,1304,1260,1277,12980
42223,BPCL,2014-02-03,1277,1305,1270,1270,6988
42342,BPCL,2014-02-04,1270,1260,1240,1245,8551
42451,BPCL,2014-02-06,787,821,790,821,220
42581,BPCL,2014-02-09,821,837,837,837,44
42708,BPCL,2014-02-10,837,904,853,890,705
42822,BPCL,2014-02-11,890,907,890,890,600
42943,BPCL,2014-02-12,890,928,895,926,2101
43069,BPCL,2014-02-13,926,944,911,930,743
43315,BPCL,2014-02-17,930,948,931,945,753
43448,BPCL,2014-02-18,945,963,945,963,998
43580,BPCL,2014-02-20,963,980,955,980,284
43702,BPCL,2014-02-23,980,997,966,966,404
43828,BPCL,2014-02-24,966,948,947,947,350
43954,BPCL,2014-02-25,947,945,912,912,400
46166,BPCL,2014-03-26,912,894,877,877,180
46297,BPCL,2014-03-27,877,860,860,860,400
46549,BPCL,2014-04-01,860,843,843,843,10
46681,BPCL,2014-04-02,843,827,759,805,5501
46814,BPCL,2014-04-03,805,843,770,800,17539
46943,BPCL,2014-04-06,800,814,780,800,10672
47069,BPCL,2014-04-07,800,814,794,794,1583
47189,BPCL,2014-04-09,794,810,800,800,13979
47313,BPCL,2014-04-10,800,810,800,800,1409
47433,BPCL,2014-04-13,800,805,786,800,2579
47560,BPCL,2014-04-15,800,814,789,789,1384
47683,BPCL,2014-04-16,789,804,790,790,1009
47804,BPCL,2014-04-17,790,800,795,798,1000
47929,BPCL,2014-04-20,798,813,790,791,2308
48058,BPCL,2014-04-21,791,789,774,774,2331
48182,BPCL,2014-04-22,774,776,775,775,920
48311,BPCL,2014-04-23,775,780,770,780,3945
48443,BPCL,2014-04-27,780,815,795,795,3845
48567,BPCL,2014-04-28,795,791,785,785,800
48702,BPCL,2014-04-29,785,790,785,790,311
48830,BPCL,2014-04-30,790,790,780,785,1019
48961,BPCL,2014-05-04,785,791,780,780,2518
49084,BPCL,2014-05-05,780,781,775,781,682
49208,BPCL,2014-05-06,781,781,771,775,2410
49342,BPCL,2014-05-07,775,786,755,775,2709
49613,BPCL,2014-05-11,775,766,745,766,1800
49748,BPCL,2014-05-12,766,766,740,740,2752
49882,BPCL,2014-05-13,740,765,740,755,3319
50024,BPCL,2014-05-15,755,760,750,756,1848
50025,BPCL,2014-05-15,755,760,750,756,1848
50267,BPCL,2014-05-18,756,770,755,770,1596
50403,BPCL,2014-05-19,770,772,765,769,2098
50533,BPCL,2014-05-20,769,773,758,765,1671
50670,BPCL,2014-05-21,765,772,765,772,1000
50809,BPCL,2014-05-22,772,776,760,760,3231
50950,BPCL,2014-05-25,760,780,775,775,1400
51086,BPCL,2014-05-26,775,765,750,760,4624
51227,BPCL,2014-05-27,760,766,750,766,14600
51359,BPCL,2014-05-28,766,800,770,800,2646
51504,BPCL,2014-06-01,800,785,760,760,3642
51651,BPCL,2014-06-02,760,798,765,780,4202
51795,BPCL,2014-06-03,780,782,770,771,3656
51942,BPCL,2014-06-04,771,778,778,778,620
52075,BPCL,2014-06-05,778,785,770,775,3118
52216,BPCL,2014-06-08,775,785,760,760,1350
52345,BPCL,2014-06-09,760,770,765,765,1698
52486,BPCL,2014-06-10,765,766,760,766,2116
52626,BPCL,2014-06-11,766,781,775,775,2771
52766,BPCL,2014-06-12,775,770,750,750,1124
52904,BPCL,2014-06-15,750,775,765,770,3596
53034,BPCL,2014-06-16,770,780,770,774,6789
53174,BPCL,2014-06-17,774,795,760,770,5725
53175,BPCL,2014-06-17,774,795,760,770,5725
53439,BPCL,2014-06-18,770,790,775,778,1794
53586,BPCL,2014-06-19,778,777,765,777,1847
53719,BPCL,2014-06-23,777,775,760,760,2060
53841,BPCL,2014-06-24,760,771,765,770,1369
53974,BPCL,2014-06-25,770,778,775,775,871
54112,BPCL,2014-06-26,775,779,775,775,650
54249,BPCL,2014-06-29,775,780,770,771,1600
54380,BPCL,2014-06-30,771,770,756,756,4790
54522,BPCL,2014-07-01,756,759,750,759,2331
54669,BPCL,2014-07-02,759,770,757,762,4668
54806,BPCL,2014-07-03,762,838,775,838,27915
54949,BPCL,2014-07-06,838,900,854,870,37234
55095,BPCL,2014-07-07,870,904,868,885,24973
55252,BPCL,2014-07-08,885,900,871,880,22248
55405,BPCL,2014-07-09,880,880,860,860,5790
55549,BPCL,2014-07-10,860,870,858,864,7501
55694,BPCL,2014-07-13,864,933,860,860,7323
55839,BPCL,2014-07-14,860,860,845,853,5270
55984,BPCL,2014-07-15,853,860,839,839,3759
56126,BPCL,2014-07-16,839,880,840,859,18139
56280,BPCL,2014-07-17,859,897,870,880,13944
56430,BPCL,2014-07-20,880,918,882,890,18314
56580,BPCL,2014-07-21,890,907,880,885,9027
56728,BPCL,2014-07-22,885,888,866,874,6536
56880,BPCL,2014-07-23,874,907,879,888,15685
57035,BPCL,2014-07-24,888,891,872,875,5158
57188,BPCL,2014-07-27,875,895,880,886,4709
57332,BPCL,2014-07-28,886,890,875,890,1566
57457,BPCL,2014-07-30,890,886,875,880,7967
57613,BPCL,2014-07-31,880,890,870,884,12873
57767,BPCL,2014-08-03,884,867,815,820,9880
57920,BPCL,2014-08-04,820,822,799,800,7394
58067,BPCL,2014-08-05,800,832,810,824,8963
58217,BPCL,2014-08-06,824,841,825,839,2929
58367,BPCL,2014-08-07,839,845,830,845,5920
58508,BPCL,2014-08-12,845,845,824,835,2514
58636,BPCL,2014-08-13,835,851,821,821,2962
58772,BPCL,2014-08-14,821,830,825,830,971
58918,BPCL,2014-08-18,830,835,820,825,1667
59065,BPCL,2014-08-19,825,810,796,796,2758
59209,BPCL,2014-08-20,796,805,792,800,475
59347,BPCL,2014-08-21,800,790,750,769,3515
59479,BPCL,2014-08-24,769,758,738,738,2701
59614,BPCL,2014-08-25,738,740,716,716,800
59736,BPCL,2014-08-26,716,740,706,706,3273
59861,BPCL,2014-08-27,706,750,715,735,6247
60002,BPCL,2014-08-28,735,759,745,759,3556
60144,BPCL,2014-08-31,759,761,711,711,3150
60279,BPCL,2014-09-01,711,703,675,701,7690
60408,BPCL,2014-09-03,701,721,707,720,589
60535,BPCL,2014-09-04,720,710,692,709,4093
60668,BPCL,2014-09-07,709,700,672,672,2060
60795,BPCL,2014-09-09,672,700,672,685,8246
60932,BPCL,2014-09-10,685,710,671,683,7017
61070,BPCL,2014-09-11,683,683,650,660,10400
61196,BPCL,2014-09-14,660,673,660,673,2669
61320,BPCL,2014-09-15,673,678,670,676,3064
61455,BPCL,2014-09-16,676,680,675,676,553
61587,BPCL,2014-09-17,676,673,655,660,5178
61720,BPCL,2014-09-18,660,653,637,640,4860
61854,BPCL,2014-09-21,640,655,630,652,4281
61982,BPCL,2014-09-22,652,655,645,649,2195
62104,BPCL,2014-09-23,649,650,638,650,3940
62232,BPCL,2014-09-24,650,650,637,650,2800
62363,BPCL,2014-09-28,650,645,644,644,2121
62496,BPCL,2014-09-29,644,673,640,660,7184
62623,BPCL,2014-09-30,660,700,673,680,3427
62740,BPCL,2014-10-08,680,680,644,644,1024
62848,BPCL,2014-10-09,644,656,645,656,1250
62981,BPCL,2014-10-12,656,654,640,654,3568
63110,BPCL,2014-10-13,654,673,660,661,4475
63236,BPCL,2014-10-14,661,664,650,650,2200
63361,BPCL,2014-10-15,650,665,650,665,7140
63498,BPCL,2014-10-16,665,691,678,690,1193
63637,BPCL,2014-10-19,690,681,677,681,800
63760,BPCL,2014-10-20,681,670,650,660,9532
63882,BPCL,2014-10-21,660,656,650,650,2000
64008,BPCL,2014-10-22,650,665,650,665,11333
64132,BPCL,2014-10-26,665,674,638,674,21580
64244,BPCL,2014-10-27,674,686,673,679,3233
64368,BPCL,2014-10-28,679,679,665,665,1883
64493,BPCL,2014-10-30,665,670,660,670,4184
64621,BPCL,2014-11-02,670,675,671,674,633
64753,BPCL,2014-11-03,674,661,636,650,1977
64884,BPCL,2014-11-04,650,637,637,637,133
65007,BPCL,2014-11-05,637,653,645,648,5601
65135,BPCL,2014-11-06,648,651,648,650,1300
65268,BPCL,2014-11-09,650,656,643,652,2505
65395,BPCL,2014-11-10,652,654,645,645,1298
65520,BPCL,2014-11-11,645,657,645,654,1250
65655,BPCL,2014-11-12,654,641,635,640,2762
65790,BPCL,2014-11-13,640,640,630,630,1446
65923,BPCL,2014-11-16,630,630,618,630,7100
66051,BPCL,2014-11-17,630,618,606,606,518
66179,BPCL,2014-11-18,606,618,596,600,3646
66301,BPCL,2014-11-19,600,612,595,595,759
66431,BPCL,2014-11-20,595,620,606,620,2340
66563,BPCL,2014-11-23,620,651,620,620,2329
66693,BPCL,2014-11-24,620,628,616,628,1872
66821,BPCL,2014-11-25,628,640,623,623,700
66946,BPCL,2014-11-30,623,625,625,625,2217
67062,BPCL,2014-12-01,625,620,601,601,1403
67187,BPCL,2014-12-02,601,602,590,595,3920
67297,BPCL,2014-12-03,595,606,591,592,2183
67424,BPCL,2014-12-04,592,595,580,588,6343
67544,BPCL,2014-12-07,588,585,581,581,4408
67663,BPCL,2014-12-08,581,575,540,550,8417
67790,BPCL,2014-12-09,550,565,561,565,1350
67913,BPCL,2014-12-10,565,576,559,565,2220
68035,BPCL,2014-12-11,565,575,570,571,1513
68164,BPCL,2014-12-14,571,598,582,598,1600
68290,BPCL,2014-12-15,598,590,578,587,953
68415,BPCL,2014-12-16,587,598,576,598,3189
68544,BPCL,2014-12-17,598,595,585,595,1413
68674,BPCL,2014-12-18,595,598,588,592,1740
68803,BPCL,2014-12-21,592,581,581,581,243
68925,BPCL,2014-12-22,581,582,572,572,927
69050,BPCL,2014-12-23,572,562,554,560,2265
69175,BPCL,2014-12-24,560,571,560,560,1450
69316,BPCL,2014-12-28,560,585,571,585,3434
69317,BPCL,2014-12-28,560,585,571,585,3434
69668,BPCL,2014-12-31,585,574,574,574,500
69792,BPCL,2015-01-01,574,563,555,555,1405
69922,BPCL,2015-01-04,555,566,562,566,803
70323,BPCL,2015-01-07,566,617,577,610,1162
70461,BPCL,2015-01-08,610,605,605,605,533
70606,BPCL,2015-01-11,605,610,600,600,483
70745,BPCL,2015-01-12,600,612,610,610,163
71023,BPCL,2015-01-14,610,605,605,605,800
71168,BPCL,2015-01-18,605,606,605,605,293
71306,BPCL,2015-01-19,605,620,600,616,40148
71457,BPCL,2015-01-20,616,664,604,664,1535
71590,BPCL,2015-01-22,664,651,621,628,6600
71720,BPCL,2015-01-25,628,630,616,626,4826
71857,BPCL,2015-01-26,626,626,620,620,4782
72011,BPCL,2015-01-27,620,610,600,600,4201
72163,BPCL,2015-01-28,600,641,612,635,1177
72306,BPCL,2015-01-29,635,647,640,640,315
72450,BPCL,2015-02-01,640,652,640,648,15490
72598,BPCL,2015-02-02,648,678,642,642,4497
72743,BPCL,2015-02-03,642,645,640,645,807
72883,BPCL,2015-02-04,645,650,640,650,4348
73034,BPCL,2015-02-05,650,673,637,655,15497
73180,BPCL,2015-02-08,655,650,640,650,2400
73470,BPCL,2015-02-10,650,662,649,649,155
73615,BPCL,2015-02-11,649,650,648,648,300
73761,BPCL,2015-02-12,648,640,621,635,2124
73915,BPCL,2015-02-15,635,642,630,630,967
74076,BPCL,2015-02-16,630,631,620,620,2323
74077,BPCL,2015-02-16,630,631,620,620,2323
74370,BPCL,2015-02-18,620,611,599,599,4175
74520,BPCL,2015-02-22,599,610,600,600,1210
74664,BPCL,2015-02-23,600,635,612,635,67
74802,BPCL,2015-02-24,635,645,645,645,20
74940,BPCL,2015-02-25,645,633,618,630,11179
75353,BPCL,2015-03-02,630,642,628,630,1931
75493,BPCL,2015-03-03,630,633,620,633,545
75635,BPCL,2015-03-04,633,625,615,615,2556
75938,BPCL,2015-03-10,615,620,616,616,700
76083,BPCL,2015-03-11,616,604,604,604,485
76234,BPCL,2015-03-12,604,608,608,608,200
76384,BPCL,2015-03-15,608,615,615,615,267
76518,BPCL,2015-03-16,615,615,607,607,1735
76655,BPCL,2015-03-17,607,610,606,610,574
76793,BPCL,2015-03-18,610,610,605,605,275
76933,BPCL,2015-03-19,605,605,605,605,133
77069,BPCL,2015-03-22,605,606,606,606,857
77204,BPCL,2015-03-23,606,611,606,607,1020
77333,BPCL,2015-03-24,607,610,600,600,2176
77461,BPCL,2015-03-25,600,600,590,590,1035
77591,BPCL,2015-03-26,590,595,588,595,321
77714,BPCL,2015-03-29,595,606,599,606,895
77833,BPCL,2015-03-30,606,600,596,600,600
77957,BPCL,2015-03-31,600,604,593,604,1874
78081,BPCL,2015-04-01,604,600,600,600,530
78207,BPCL,2015-04-02,600,605,605,605,1000
78335,BPCL,2015-04-05,605,600,600,600,453
78450,BPCL,2015-04-06,600,600,595,600,704
78571,BPCL,2015-04-07,600,612,601,612,1767
78690,BPCL,2015-04-08,612,620,594,615,7628
78824,BPCL,2015-04-09,615,610,610,610,100
78956,BPCL,2015-04-12,610,622,600,608,8110
79206,BPCL,2015-04-15,608,608,608,608,200
79328,BPCL,2015-04-16,608,607,605,605,958
79449,BPCL,2015-04-19,605,610,601,610,5350
79568,BPCL,2015-04-20,610,615,607,610,2426
79687,BPCL,2015-04-21,610,613,612,613,238
79810,BPCL,2015-04-22,613,610,600,600,333
79932,BPCL,2015-04-23,600,601,600,601,700
80352,BPCL,2015-05-31,601,614,610,610,300
80540,BPCL,2015-06-02,610,600,600,600,100
80881,BPCL,2015-06-07,600,591,591,591,119
81377,BPCL,2015-06-09,591,602,602,602,10
81513,BPCL,2015-06-10,602,650,614,640,1580
81632,BPCL,2015-06-11,640,630,630,630,200
81746,BPCL,2015-06-14,630,635,625,633,1500
81863,BPCL,2015-06-15,633,631,630,630,1270
81987,BPCL,2015-06-16,630,625,613,620,1400
82113,BPCL,2015-06-17,620,610,601,601,3463
82472,BPCL,2015-06-22,601,613,613,613,500
82602,BPCL,2015-06-23,613,606,606,606,500
82729,BPCL,2015-06-24,606,632,618,632,1010
82857,BPCL,2015-06-25,632,644,644,644,10
82987,BPCL,2015-06-28,644,632,632,632,100
83115,BPCL,2015-06-29,632,642,630,630,440
83380,BPCL,2015-07-01,630,620,610,610,2600
83509,BPCL,2015-07-02,610,605,605,605,650
83641,BPCL,2015-07-05,605,606,600,606,1200
83768,BPCL,2015-07-06,606,606,600,600,3850
83900,BPCL,2015-07-07,600,613,600,600,5190
84034,BPCL,2015-07-08,600,608,601,601,1920
84427,BPCL,2015-07-13,601,601,600,600,1150
84570,BPCL,2015-07-14,600,601,600,601,1624
84711,BPCL,2015-07-15,601,609,600,609,2150
84855,BPCL,2015-07-16,609,620,600,617,6140
84997,BPCL,2015-07-22,617,612,609,609,787
85142,BPCL,2015-07-23,609,606,606,606,100
85292,BPCL,2015-07-26,606,666,618,666,60
85408,BPCL,2015-07-27,666,679,679,679,166
85692,BPCL,2015-07-29,679,666,628,628,350
85837,BPCL,2015-07-30,628,619,619,619,50
85979,BPCL,2015-08-02,619,619,607,607,886
86097,BPCL,2015-08-03,607,595,590,595,1537
86231,BPCL,2015-08-04,595,591,589,589,1000
86375,BPCL,2015-08-05,589,600,600,600,1000
86520,BPCL,2015-08-06,600,613,599,600,1650
86662,BPCL,2015-08-09,600,592,590,590,682
86929,BPCL,2015-08-11,590,601,592,592,1500
87063,BPCL,2015-08-12,592,600,600,600,500
87202,BPCL,2015-08-13,600,597,580,582,2959
87336,BPCL,2015-08-16,582,640,593,640,23576
87468,BPCL,2015-08-17,640,691,650,650,8435
87607,BPCL,2015-08-18,650,652,638,645,2600
87608,BPCL,2015-08-18,650,652,638,645,2600
87859,BPCL,2015-08-19,645,665,636,636,2407
87998,BPCL,2015-08-20,636,629,628,629,278
88280,BPCL,2015-08-24,629,650,635,636,3610
88409,BPCL,2015-08-25,636,633,625,633,550
88537,BPCL,2015-08-26,633,630,622,625,670
88667,BPCL,2015-08-27,625,634,625,634,1084
88806,BPCL,2015-08-31,634,649,635,645,4873
88939,BPCL,2015-09-01,645,645,631,631,1650
89075,BPCL,2015-09-02,631,630,624,628,3060
89338,BPCL,2015-09-06,628,633,628,632,1642
89462,BPCL,2015-09-07,632,630,620,628,1070
89595,BPCL,2015-09-08,628,621,612,615,3700
89729,BPCL,2015-09-09,615,615,610,615,5264
89858,BPCL,2015-09-10,615,615,610,615,878
89994,BPCL,2015-09-13,615,625,621,625,1434
90129,BPCL,2015-09-14,625,635,633,635,913
90264,BPCL,2015-09-15,635,647,628,635,3350
90408,BPCL,2015-09-16,635,639,623,639,1370
90546,BPCL,2015-09-17,639,651,630,633,1350
90687,BPCL,2015-09-22,633,621,621,621,10
90815,BPCL,2015-09-23,621,633,619,621,5617
90932,BPCL,2015-09-24,621,625,618,623,382
91053,BPCL,2015-09-28,623,612,603,610,930
91162,BPCL,2015-09-29,610,610,610,610,483
91280,BPCL,2015-09-30,610,618,615,618,534
91408,BPCL,2015-10-01,618,619,619,619,158
91529,BPCL,2015-10-04,619,615,609,609,833
91643,BPCL,2015-10-05,609,615,611,611,900
91760,BPCL,2015-10-06,611,600,587,590,14030
91998,BPCL,2015-10-08,590,605,600,604,1232
92124,BPCL,2015-10-11,604,600,590,590,699331
92240,BPCL,2015-10-14,590,605,600,600,835
92358,BPCL,2015-10-15,600,595,595,595,21
92470,BPCL,2015-10-18,595,595,595,595,150
92571,BPCL,2015-10-19,595,604,600,600,160
92718,BPCL,2015-10-27,600,591,580,580,1490
92802,BPCL,2015-10-28,580,591,570,570,3962
92888,BPCL,2015-10-29,570,603,581,603,440
92987,BPCL,2015-11-01,603,615,615,615,20
93200,BPCL,2015-11-03,615,603,603,603,500
93405,BPCL,2015-11-05,603,598,598,598,100
93504,BPCL,2015-11-08,598,587,587,587,400
94025,BPCL,2015-11-18,587,576,576,576,200
94137,BPCL,2015-11-19,576,572,550,572,3564
94352,BPCL,2015-11-23,572,572,520,540,2926
94458,BPCL,2015-11-24,540,540,533,533,2053
94568,BPCL,2015-11-25,533,553,538,538,3015
94681,BPCL,2015-11-26,538,540,527,527,2217
94794,BPCL,2015-11-29,527,518,518,518,56
94899,BPCL,2015-11-30,518,530,520,530,7210
95004,BPCL,2015-12-01,530,545,528,528,1850
95120,BPCL,2015-12-02,528,529,529,529,100
95226,BPCL,2015-12-03,529,539,519,539,1941
95333,BPCL,2015-12-06,539,545,540,540,1710
95448,BPCL,2015-12-07,540,535,532,535,1660
95569,BPCL,2015-12-08,535,525,520,520,775
95695,BPCL,2015-12-09,520,543,513,543,971
95822,BPCL,2015-12-10,543,533,533,533,110
95947,BPCL,2015-12-13,533,543,524,524,1280
96186,BPCL,2015-12-15,524,533,533,533,500
96304,BPCL,2015-12-16,533,530,520,521,1882
96551,BPCL,2015-12-20,521,541,524,541,2648
96674,BPCL,2015-12-21,541,562,550,560,1750
96792,BPCL,2015-12-22,560,561,549,549,1520
96918,BPCL,2015-12-23,549,555,555,555,1400
97044,BPCL,2015-12-24,555,552,548,552,15293
97169,BPCL,2015-12-27,552,542,535,535,520
97293,BPCL,2015-12-28,535,539,539,539,500
97418,BPCL,2015-12-29,539,539,539,539,167
97542,BPCL,2015-12-31,539,540,535,540,1350
97669,BPCL,2016-01-03,540,540,540,540,150
97798,BPCL,2016-01-04,540,540,540,540,700
97928,BPCL,2016-01-05,540,550,550,550,210
98056,BPCL,2016-01-06,550,571,545,545,570
98187,BPCL,2016-01-07,545,555,545,555,700
98315,BPCL,2016-01-10,555,571,560,560,1933
98444,BPCL,2016-01-11,560,581,570,581,550
98587,BPCL,2016-01-12,581,611,590,592,1702
98588,BPCL,2016-01-12,581,611,590,592,1702
98831,BPCL,2016-01-13,592,620,596,601,3227
98966,BPCL,2016-01-14,601,613,601,601,700
99099,BPCL,2016-01-17,601,611,601,601,667
99187,BPCL,2016-01-18,601,613,599,600,1470
99275,BPCL,2016-01-19,600,590,583,583,700
99365,BPCL,2016-01-20,583,599,590,593,1667
99455,BPCL,2016-01-21,593,607,595,595,2121
99651,BPCL,2016-01-25,595,595,592,592,792
99750,BPCL,2016-01-26,592,603,585,585,1176
99846,BPCL,2016-01-27,585,590,584,584,750
99947,BPCL,2016-01-28,584,584,573,584,300
100046,BPCL,2016-01-31,584,590,588,588,407
100154,BPCL,2016-02-01,588,590,578,589,2550
100265,BPCL,2016-02-02,589,587,575,585,1673
100378,BPCL,2016-02-03,585,585,574,574,1500
100492,BPCL,2016-02-04,574,630,580,615,10342
100615,BPCL,2016-02-07,615,613,604,606,5834
100740,BPCL,2016-02-08,606,625,615,622,4917
100859,BPCL,2016-02-11,622,631,610,610,4650
100975,BPCL,2016-02-14,610,602,602,602,100
101095,BPCL,2016-02-15,602,608,600,608,540
101213,BPCL,2016-02-16,608,610,610,610,10
101332,BPCL,2016-02-17,610,605,595,595,2341
101453,BPCL,2016-02-18,595,608,599,599,2540
101571,BPCL,2016-02-21,599,605,600,600,440
101684,BPCL,2016-02-22,600,612,590,590,1700
102042,BPCL,2016-02-25,590,590,589,589,1285
102159,BPCL,2016-02-28,589,600,575,575,19085
102275,BPCL,2016-02-29,575,586,579,580,536
102397,BPCL,2016-03-01,580,580,575,575,724
102520,BPCL,2016-03-02,575,596,575,596,1750
102647,BPCL,2016-03-03,596,595,586,590,811
102773,BPCL,2016-03-06,590,590,590,590,200
102898,BPCL,2016-03-10,590,610,590,610,7269
103024,BPCL,2016-03-13,610,620,600,605,3033
103141,BPCL,2016-03-14,605,608,600,601,1606
103259,BPCL,2016-03-15,601,600,591,591,992
103378,BPCL,2016-03-16,591,591,585,585,1320
103500,BPCL,2016-03-17,585,595,590,595,1338
103622,BPCL,2016-03-20,595,654,606,654,25965
103736,BPCL,2016-03-21,654,688,640,644,15467
103863,BPCL,2016-03-23,644,632,621,621,1371
103993,BPCL,2016-03-24,621,611,611,611,50
104124,BPCL,2016-03-27,611,642,615,620,5337
104254,BPCL,2016-03-28,620,617,605,617,800
104375,BPCL,2016-03-29,617,628,605,625,1667
104501,BPCL,2016-03-30,625,637,615,616,560
104623,BPCL,2016-03-31,616,630,616,630,2918
104751,BPCL,2016-04-03,630,625,625,625,400
104878,BPCL,2016-04-04,625,615,605,605,2100
105004,BPCL,2016-04-05,605,617,610,612,2692
105129,BPCL,2016-04-06,612,624,605,605,3200
105251,BPCL,2016-04-10,605,617,617,617,200
105379,BPCL,2016-04-11,617,608,608,608,212
105504,BPCL,2016-04-12,608,612,607,610,5090
105627,BPCL,2016-04-14,610,616,610,610,3330
105752,BPCL,2016-04-17,610,620,608,612,3920
105871,BPCL,2016-04-18,612,615,606,614,2183
106004,BPCL,2016-04-19,614,615,610,615,2270
106137,BPCL,2016-04-20,615,615,603,612,6304
106267,BPCL,2016-04-21,612,612,604,608,5779
106392,BPCL,2016-04-24,608,612,605,605,3630
106513,BPCL,2016-04-25,605,608,600,600,4900
106644,BPCL,2016-04-26,600,612,597,610,2705
106776,BPCL,2016-04-27,610,601,600,601,500
106904,BPCL,2016-04-28,601,603,601,602,1367
107033,BPCL,2016-05-02,602,608,601,608,2305
107160,BPCL,2016-05-03,608,615,603,610,717
107292,BPCL,2016-05-04,610,610,602,610,4667
107415,BPCL,2016-05-05,610,610,600,610,5355
107547,BPCL,2016-05-08,610,609,601,601,2650
107680,BPCL,2016-05-09,601,605,601,601,2882
107811,BPCL,2016-05-10,601,610,600,605,2889
107946,BPCL,2016-05-11,605,606,606,606,467
108081,BPCL,2016-05-12,606,630,611,619,13538
108217,BPCL,2016-05-15,619,617,612,613,3146
108349,BPCL,2016-05-16,613,610,610,610,1666
108484,BPCL,2016-05-17,610,612,600,602,4487
108616,BPCL,2016-05-18,602,610,605,610,6092
108752,BPCL,2016-05-19,610,621,615,620,3546
108886,BPCL,2016-05-22,620,621,612,612,3565
109022,BPCL,2016-05-23,612,620,608,608,10149
109156,BPCL,2016-05-24,608,610,607,610,3131
109295,BPCL,2016-05-25,610,620,612,620,6166
109432,BPCL,2016-05-26,620,618,608,618,5067
109564,BPCL,2016-05-29,618,640,622,635,13228
109688,BPCL,2016-05-30,635,685,640,683,54576
109821,BPCL,2016-05-31,683,739,693,738,79830
109957,BPCL,2016-06-01,738,811,735,760,63264
110088,BPCL,2016-06-02,760,752,728,748,18582
110215,BPCL,2016-06-05,748,735,680,685,9944
110342,BPCL,2016-06-06,685,711,685,708,11555
110475,BPCL,2016-06-07,708,740,700,700,4305
110608,BPCL,2016-06-08,700,719,686,704,10585
110742,BPCL,2016-06-09,704,710,696,700,10259
110879,BPCL,2016-06-12,700,734,707,709,6642
111012,BPCL,2016-06-13,709,710,700,703,3346
111152,BPCL,2016-06-14,703,773,715,773,4135
111285,BPCL,2016-06-15,773,850,788,850,4650
111420,BPCL,2016-06-16,850,935,839,849,66287
111559,BPCL,2016-06-19,849,850,800,837,27590
111695,BPCL,2016-06-20,837,845,800,824,24524
111830,BPCL,2016-06-21,824,846,827,845,20894
111964,BPCL,2016-06-22,845,889,845,872,27209
112101,BPCL,2016-06-23,872,915,880,885,29770
112236,BPCL,2016-06-26,885,925,895,924,51241
112371,BPCL,2016-06-27,924,944,912,920,15972
112503,BPCL,2016-06-28,920,928,900,925,28411
112638,BPCL,2016-06-29,925,930,912,930,18162
112774,BPCL,2016-06-30,930,929,909,929,9305
112915,BPCL,2016-07-03,929,930,910,920,9163
113052,BPCL,2016-07-04,920,940,910,910,6616
113192,BPCL,2016-07-05,910,925,900,919,8513
113331,BPCL,2016-07-06,919,929,915,924,12033
113470,BPCL,2016-07-10,924,924,910,910,3868
113614,BPCL,2016-07-11,910,914,896,906,3463
113758,BPCL,2016-07-12,906,900,855,885,8765
113896,BPCL,2016-07-13,885,895,880,885,2421
114039,BPCL,2016-07-14,885,900,885,894,8633
114183,BPCL,2016-07-17,894,890,871,875,1949
114319,BPCL,2016-07-18,875,920,870,920,7334
114456,BPCL,2016-07-19,920,926,895,895,7215
114595,BPCL,2016-07-20,895,904,881,904,6108
114736,BPCL,2016-07-21,904,900,891,898,3423
114877,BPCL,2016-07-25,898,900,875,875,5446
115023,BPCL,2016-07-26,875,907,880,892,15696
115166,BPCL,2016-07-27,892,939,901,921,21438
115313,BPCL,2016-07-28,921,939,920,938,40420
115459,BPCL,2016-07-31,938,1008,920,995,49779
115600,BPCL,2016-08-01,995,1030,960,970,15050
115740,BPCL,2016-08-02,970,960,930,949,15360
115876,BPCL,2016-08-03,949,960,920,940,9552
116014,BPCL,2016-08-04,940,941,900,908,16312
116155,BPCL,2016-08-07,908,944,910,915,12421
116295,BPCL,2016-08-08,915,915,870,870,3283
116421,BPCL,2016-08-09,870,922,887,922,110
116509,BPCL,2016-08-10,922,940,900,922,15496
116655,BPCL,2016-08-11,922,930,910,910,4200
116800,BPCL,2016-08-14,910,910,880,882,7795
116940,BPCL,2016-08-15,882,890,856,875,11093
117083,BPCL,2016-08-16,875,895,875,895,6031
117226,BPCL,2016-08-17,895,904,880,904,4700
117370,BPCL,2016-08-21,904,900,882,882,600
117512,BPCL,2016-08-22,882,870,840,840,1210
117652,BPCL,2016-08-23,840,882,850,865,2525
117791,BPCL,2016-08-24,865,878,849,878,2630
117933,BPCL,2016-08-28,878,894,862,862,590
118074,BPCL,2016-08-29,862,879,862,862,378
118215,BPCL,2016-08-30,862,877,850,877,2749
118357,BPCL,2016-08-31,877,860,813,839,13773
118502,BPCL,2016-09-01,839,854,824,841,3967
118646,BPCL,2016-09-03,841,850,837,845,1374
118792,BPCL,2016-09-04,841,850,837,845,1374
118938,BPCL,2016-09-05,845,852,840,840,3623
119081,BPCL,2016-09-06,840,856,830,835,11024
119223,BPCL,2016-09-07,835,845,825,840,2200
119367,BPCL,2016-09-08,840,850,833,833,2964
119519,BPCL,2016-09-11,833,840,828,830,4717
119663,BPCL,2016-09-12,830,829,823,829,800
119807,BPCL,2016-09-14,829,829,822,823,750
119953,BPCL,2016-09-18,823,825,823,825,223
120094,BPCL,2016-09-20,825,830,829,829,800
120238,BPCL,2016-09-21,829,830,821,825,1450
120380,BPCL,2016-09-22,825,820,810,818,2177
120521,BPCL,2016-09-25,818,805,790,790,2236
120656,BPCL,2016-09-26,790,810,790,801,2320
120789,BPCL,2016-09-27,801,810,810,810,100
120930,BPCL,2016-09-28,810,810,800,805,2280
121068,BPCL,2016-09-29,805,810,804,804,1166
121342,BPCL,2016-10-03,804,810,810,810,100
121477,BPCL,2016-10-04,810,820,795,806,5433
121602,BPCL,2016-10-05,806,810,797,810,2050
121733,BPCL,2016-10-06,810,825,812,812,1540
121863,BPCL,2016-10-16,812,801,801,801,200
121984,BPCL,2016-10-17,801,817,804,817,1873
122100,BPCL,2016-10-18,817,820,807,820,2000
122217,BPCL,2016-10-19,820,818,810,810,708
122336,BPCL,2016-10-20,810,824,820,824,1033
122461,BPCL,2016-10-23,824,820,810,815,2073
122585,BPCL,2016-10-24,815,823,786,809,1330
122712,BPCL,2016-10-25,809,810,810,810,100
122840,BPCL,2016-10-26,810,800,785,795,2776
122969,BPCL,2016-10-27,795,800,790,790,1080
123105,BPCL,2016-11-03,790,790,776,785,1300
123224,BPCL,2016-11-07,785,850,778,778,8193
123361,BPCL,2016-11-08,778,763,718,725,4020
123498,BPCL,2016-11-09,725,725,711,711,364
123624,BPCL,2016-11-10,711,715,705,705,270
123755,BPCL,2016-11-13,705,718,706,718,884
124024,BPCL,2016-11-15,718,715,683,683,2011
124160,BPCL,2016-11-16,683,685,680,685,750
124294,BPCL,2016-11-17,685,678,660,660,1085
124429,BPCL,2016-11-20,660,647,620,620,2450
124555,BPCL,2016-11-21,620,620,602,620,1600
124681,BPCL,2016-11-22,620,625,613,613,1000
124812,BPCL,2016-11-23,613,624,613,624,1540
124945,BPCL,2016-11-24,624,636,591,600,4300
125077,BPCL,2016-11-27,600,612,578,585,10915
125204,BPCL,2016-11-28,585,580,560,580,5381
125329,BPCL,2016-11-29,580,638,580,638,3625
125460,BPCL,2016-11-30,638,683,650,680,4260
125596,BPCL,2016-12-01,680,696,665,670,5510
125733,BPCL,2016-12-04,670,670,645,655,3309
125869,BPCL,2016-12-05,612,615,603,603,220
126008,BPCL,2016-12-06,603,591,575,577,2910
126144,BPCL,2016-12-07,577,588,588,588,14
126282,BPCL,2016-12-08,588,601,577,600,3440
126415,BPCL,2016-12-11,600,590,575,575,1235
126556,BPCL,2016-12-12,575,577,571,577,1280
126692,BPCL,2016-12-14,577,580,572,580,450
126830,BPCL,2016-12-15,580,607,575,607,540
126966,BPCL,2016-12-18,607,619,619,619,10
127097,BPCL,2016-12-19,619,607,595,595,290
127235,BPCL,2016-12-20,595,585,570,572,3200
127372,BPCL,2016-12-21,572,571,560,571,710
127505,BPCL,2016-12-22,571,575,570,575,800
127642,BPCL,2016-12-26,575,575,565,565,2450
127772,BPCL,2016-12-27,565,570,545,560,1141
127901,BPCL,2016-12-28,560,569,550,560,1070
128029,BPCL,2016-12-29,560,580,550,550,950
128157,BPCL,2017-01-01,550,562,550,559,9760
128290,BPCL,2017-01-02,559,562,559,559,5280
128420,BPCL,2017-01-03,559,560,548,550,7970
128550,BPCL,2017-01-04,550,560,552,560,2970
128674,BPCL,2017-01-05,560,554,553,553,1502
128802,BPCL,2017-01-08,553,564,554,554,110
128933,BPCL,2017-01-09,554,559,558,559,1290
129050,BPCL,2017-01-10,559,560,555,555,1853
129176,BPCL,2017-01-11,555,550,550,550,100
129295,BPCL,2017-01-12,550,560,560,560,120
129415,BPCL,2017-01-15,560,559,559,559,300
129537,BPCL,2017-01-16,559,556,549,549,500
129666,BPCL,2017-01-17,549,544,544,544,203
130059,BPCL,2017-01-22,544,542,542,542,251
130192,BPCL,2017-01-23,542,550,536,550,2010
130327,BPCL,2017-01-24,550,549,538,538,130
130456,BPCL,2017-01-25,538,538,518,518,1050
130590,BPCL,2017-01-26,518,528,508,515,2150
130724,BPCL,2017-01-30,515,510,500,500,1450
130850,BPCL,2017-01-31,500,512,485,512,28790
130987,BPCL,2017-02-01,512,532,500,532,30990
131124,BPCL,2017-02-02,532,542,520,530,11310
131260,BPCL,2017-02-05,530,530,530,530,300
131516,BPCL,2017-02-07,530,524,510,523,1483
131649,BPCL,2017-02-08,523,524,495,524,2020
131786,BPCL,2017-02-09,524,518,508,508,320
131918,BPCL,2017-02-12,508,502,484,490,2484
132051,BPCL,2017-02-13,490,499,464,499,1960
132188,BPCL,2017-02-14,499,490,470,481,5551
132326,BPCL,2017-02-15,481,500,489,498,6292
132467,BPCL,2017-02-16,498,507,496,505,2410
132611,BPCL,2017-02-19,505,510,500,510,2266
132755,BPCL,2017-02-20,510,510,500,510,650
132891,BPCL,2017-02-21,510,518,498,498,270
133028,BPCL,2017-02-22,498,490,490,490,7000
133164,BPCL,2017-02-23,490,495,495,495,150
133295,BPCL,2017-02-26,495,486,478,478,2092
133426,BPCL,2017-02-28,478,490,487,490,350
133557,BPCL,2017-03-01,490,482,475,475,1720
133693,BPCL,2017-03-02,475,512,484,512,40
133826,BPCL,2017-03-05,512,509,499,500,2570
133969,BPCL,2017-03-06,500,492,492,492,10
134108,BPCL,2017-03-07,492,500,500,500,330
134246,BPCL,2017-03-09,500,501,492,501,5630
134386,BPCL,2017-03-13,501,505,496,496,1020
134518,BPCL,2017-03-14,496,500,491,491,1144
134655,BPCL,2017-03-15,491,520,492,520,2020
134782,BPCL,2017-03-16,520,530,515,520,250
134915,BPCL,2017-03-19,520,523,510,523,1080
135051,BPCL,2017-03-20,523,555,505,540,8112
135191,BPCL,2017-03-21,540,566,535,566,7030
135339,BPCL,2017-03-22,566,588,555,560,17055
135485,BPCL,2017-03-23,560,580,555,575,11744
135628,BPCL,2017-03-26,575,630,585,630,14219
135772,BPCL,2017-03-28,630,693,642,693,30146
135916,BPCL,2017-03-29,693,748,682,682,29715
136062,BPCL,2017-03-30,682,700,669,675,4800
136200,BPCL,2017-04-02,675,705,670,705,790
136334,BPCL,2017-04-03,705,733,686,686,8551
136478,BPCL,2017-04-04,686,699,660,670,7140
136622,BPCL,2017-04-06,670,670,656,656,3470
136766,BPCL,2017-04-09,656,665,655,665,2230
136907,BPCL,2017-04-10,665,706,670,699,5047
137050,BPCL,2017-04-11,699,726,674,677,2877
137195,BPCL,2017-04-12,677,703,679,679,7710
137340,BPCL,2017-04-13,679,692,666,678,1951
137483,BPCL,2017-04-16,678,703,690,703,120
137618,BPCL,2017-04-18,703,689,652,660,5110
137760,BPCL,2017-04-19,660,699,665,689,1638
137900,BPCL,2017-04-20,689,690,675,685,10590
138045,BPCL,2017-04-23,685,725,686,686,1675
138186,BPCL,2017-04-24,686,688,673,675,460
138328,BPCL,2017-04-25,675,688,662,688,3560
138474,BPCL,2017-04-26,688,675,670,670,1500
138620,BPCL,2017-04-27,670,696,657,696,230
138762,BPCL,2017-04-30,696,683,683,683,100
138905,BPCL,2017-05-02,683,690,689,690,200
139048,BPCL,2017-05-03,690,680,667,679,3977
139190,BPCL,2017-05-04,679,666,655,657,1000
139334,BPCL,2017-05-07,657,669,650,650,3052
139474,BPCL,2017-05-08,650,650,638,638,400
139616,BPCL,2017-05-09,638,700,630,692,1493
139759,BPCL,2017-05-11,692,687,655,666,1980
139905,BPCL,2017-05-15,666,692,679,683,1223
140044,BPCL,2017-05-16,683,680,669,669,4249
140183,BPCL,2017-05-17,669,666,658,666,909
140323,BPCL,2017-05-18,666,679,662,679,1078
140469,BPCL,2017-05-21,679,681,654,654,1343
140615,BPCL,2017-05-22,654,680,651,667,661
140760,BPCL,2017-05-23,667,680,675,680,1939
140907,BPCL,2017-05-24,680,677,670,675,1760
141054,BPCL,2017-05-28,675,670,665,667,1527
141201,BPCL,2017-05-30,667,693,654,693,438
141493,BPCL,2017-06-01,693,680,667,669,520
141639,BPCL,2017-06-04,669,660,641,648,2510
141781,BPCL,2017-06-05,648,665,640,654,5825
141928,BPCL,2017-06-06,654,677,654,677,6038
142076,BPCL,2017-06-07,677,709,675,675,9682
142225,BPCL,2017-06-08,675,686,680,685,340
142374,BPCL,2017-06-11,685,672,659,666,10127
142520,BPCL,2017-06-12,666,660,660,660,3000
142658,BPCL,2017-06-13,660,665,654,654,3048
142801,BPCL,2017-06-14,654,655,650,651,5535
142949,BPCL,2017-06-15,651,670,655,670,2156
143098,BPCL,2017-06-18,670,657,650,650,300
143518,BPCL,2017-06-21,650,652,640,652,521
143669,BPCL,2017-06-22,652,650,641,641,831
143809,BPCL,2017-06-25,641,645,640,640,124
143957,BPCL,2017-06-27,640,633,630,630,2350
144105,BPCL,2017-06-28,630,642,635,640,2750
144247,BPCL,2017-07-02,640,628,616,621,2495
144394,BPCL,2017-07-03,621,625,615,615,3090
144538,BPCL,2017-07-04,615,615,611,611,1550
144680,BPCL,2017-07-05,611,615,615,615,495
144819,BPCL,2017-07-06,615,632,620,630,1590
144966,BPCL,2017-07-09,630,642,625,625,1500
145115,BPCL,2017-07-10,625,625,613,625,484
145264,BPCL,2017-07-11,625,629,616,629,911
145410,BPCL,2017-07-12,629,653,626,626,619
145562,BPCL,2017-07-13,626,626,620,620,2705
145713,BPCL,2017-07-16,620,620,620,620,431
145863,BPCL,2017-07-17,620,632,620,632,108
146017,BPCL,2017-07-18,632,636,626,626,1377
146172,BPCL,2017-07-19,626,640,625,640,1873
146327,BPCL,2017-07-20,640,635,630,630,1760
146482,BPCL,2017-07-23,630,630,606,630,2457
146633,BPCL,2017-07-24,630,635,630,635,240
146786,BPCL,2017-07-25,635,640,626,635,2851
146942,BPCL,2017-07-26,635,650,635,635,2582
147098,BPCL,2017-07-27,635,634,628,634,272
147248,BPCL,2017-07-30,634,655,646,650,1142
147400,BPCL,2017-07-31,650,655,640,650,8725
147554,BPCL,2017-08-01,650,655,645,655,6799
147713,BPCL,2017-08-02,655,673,656,668,13643
147869,BPCL,2017-08-03,668,673,655,666,6293
148033,BPCL,2017-08-06,666,669,652,652,3607
148190,BPCL,2017-08-07,652,654,648,654,12550
148348,BPCL,2017-08-09,654,660,645,650,8349
148508,BPCL,2017-08-10,650,653,641,653,3605
148668,BPCL,2017-08-13,653,660,645,645,849
148827,BPCL,2017-08-15,645,645,640,642,1984
148987,BPCL,2017-08-16,642,646,637,640,1002
149145,BPCL,2017-08-17,640,640,636,636,79
149311,BPCL,2017-08-20,636,640,632,632,2141
149466,BPCL,2017-08-21,632,635,623,623,1200
149621,BPCL,2017-08-22,623,636,630,635,3255
149783,BPCL,2017-08-23,635,635,626,626,472
149943,BPCL,2017-08-24,626,638,630,636,973
150104,BPCL,2017-08-27,636,635,635,635,500
150267,BPCL,2017-08-28,635,635,611,617,1216
150424,BPCL,2017-08-30,617,649,622,640,2153
150580,BPCL,2017-08-31,640,640,627,640,2108
150740,BPCL,2017-09-04,640,630,624,625,1871
150893,BPCL,2017-09-06,625,630,625,630,657
151056,BPCL,2017-09-07,630,640,632,634,533
151213,BPCL,2017-09-10,634,625,611,616,1509
151371,BPCL,2017-09-11,616,620,616,616,1796
151530,BPCL,2017-09-12,616,616,607,607,3660
151685,BPCL,2017-09-13,607,618,605,618,3477
151844,BPCL,2017-09-14,618,632,614,619,3145
152005,BPCL,2017-09-17,619,637,625,625,788
152164,BPCL,2017-09-18,625,623,619,619,1042
152324,BPCL,2017-09-20,619,620,616,620,1155
152482,BPCL,2017-09-24,620,612,610,612,371
152632,BPCL,2017-09-25,612,624,624,624,50
152785,BPCL,2017-09-26,624,624,620,620,595
152935,BPCL,2017-10-03,620,635,632,635,110
153058,BPCL,2017-10-04,635,646,637,640,2470
153202,BPCL,2017-10-08,640,628,611,615,660
153351,BPCL,2017-10-09,615,629,608,628,4418
153503,BPCL,2017-10-10,628,616,609,611,907
153659,BPCL,2017-10-11,611,615,610,610,1715
153976,BPCL,2017-10-15,610,615,600,615,1425
154132,BPCL,2017-10-16,615,646,617,646,40696
154294,BPCL,2017-10-17,646,657,617,642,38258
154455,BPCL,2017-10-18,642,642,635,642,800
154598,BPCL,2017-10-22,642,645,620,644,38450
154745,BPCL,2017-10-23,644,650,636,645,22420
154902,BPCL,2017-10-24,645,645,618,640,42624
155060,BPCL,2017-10-25,640,640,628,633,3330
155219,BPCL,2017-10-29,633,629,620,621,28965
155380,BPCL,2017-10-30,621,630,612,628,30750
155534,BPCL,2017-10-31,628,625,615,615,2120
155691,BPCL,2017-11-01,615,628,612,613,10266
155850,BPCL,2017-11-02,613,625,613,617,841
156006,BPCL,2017-11-05,617,608,605,605,743
156165,BPCL,2017-11-06,605,618,594,605,2890
156325,BPCL,2017-11-07,605,617,605,605,4677
156485,BPCL,2017-11-08,605,617,594,605,902
156644,BPCL,2017-11-09,605,616,605,610,1680
156799,BPCL,2017-11-12,610,625,610,625,210
156957,BPCL,2017-11-13,625,625,613,620,21126
157114,BPCL,2017-11-14,620,640,612,633,23834
157279,BPCL,2017-11-15,633,635,628,630,2258
157439,BPCL,2017-11-16,630,619,617,619,5600
157597,BPCL,2017-11-19,619,631,609,615,2809
157754,BPCL,2017-11-20,615,615,610,615,650
157915,BPCL,2017-11-21,615,627,615,615,434
158074,BPCL,2017-11-22,615,639,615,628,20382
158234,BPCL,2017-11-23,628,658,630,650,44041
158397,BPCL,2017-11-26,650,685,660,679,32945
158552,BPCL,2017-11-27,679,692,665,681,54675
158711,BPCL,2017-11-28,681,717,670,704,57222
158874,BPCL,2017-11-29,704,732,706,718,97076
159036,BPCL,2017-11-30,718,741,702,729,64779
159201,BPCL,2017-12-04,729,735,718,725,41690
159359,BPCL,2017-12-05,725,783,732,740,134904
159520,BPCL,2017-12-06,740,750,735,739,28405
159687,BPCL,2017-12-10,739,770,740,746,71405
159844,BPCL,2017-12-11,746,748,733,745,23786
160000,BPCL,2017-12-12,745,740,730,735,33355
160158,BPCL,2017-12-13,735,745,731,742,15965
160321,BPCL,2017-12-14,742,754,723,735,24412
160474,BPCL,2017-12-17,735,735,721,721,17568
160632,BPCL,2017-12-18,721,729,717,725,19022
160794,BPCL,2017-12-19,725,721,715,719,11670
160958,BPCL,2017-12-20,719,724,701,706,8920
161114,BPCL,2017-12-21,706,720,696,702,7862
161267,BPCL,2017-12-24,702,714,698,700,9293
161428,BPCL,2017-12-26,700,703,682,685,17642
161585,BPCL,2017-12-27,685,698,670,672,18606
161743,BPCL,2017-12-28,672,685,665,671,13493
161904,BPCL,2017-12-31,671,684,664,675,12808
162062,BPCL,2018-01-01,675,693,675,691,16391
162226,BPCL,2018-01-02,691,694,685,685,8147
162392,BPCL,2018-01-03,685,687,676,677,4950
162548,BPCL,2018-01-04,677,690,680,680,70
162705,BPCL,2018-01-07,680,692,680,680,3574
162860,BPCL,2018-01-08,680,690,668,668,14682
163019,BPCL,2018-01-09,668,690,667,670,24774
163174,BPCL,2018-01-10,670,680,667,677,5221
163331,BPCL,2018-01-14,677,711,660,711,15698
163485,BPCL,2018-01-16,711,697,659,660,5962
163636,BPCL,2018-01-17,660,665,648,665,13149
163797,BPCL,2018-01-21,665,672,651,651,10515
163962,BPCL,2018-01-22,651,664,644,654,5600
164124,BPCL,2018-01-23,654,646,630,640,30490
164280,BPCL,2018-01-24,640,640,630,635,18709
164435,BPCL,2018-01-25,635,636,629,636,5719
164594,BPCL,2018-01-28,636,648,628,628,4091
164749,BPCL,2018-01-29,628,635,626,633,6939
164911,BPCL,2018-01-31,633,625,604,617,39540
165066,BPCL,2018-02-01,617,632,604,611,24376
165225,BPCL,2018-02-04,611,616,575,580,28989
165385,BPCL,2018-02-05,580,591,553,558,18707
165540,BPCL,2018-02-06,558,567,548,557,11101
165691,BPCL,2018-02-07,557,565,544,558,2625
165841,BPCL,2018-02-08,558,552,540,549,2843
165994,BPCL,2018-02-11,549,566,551,551,4680
166152,BPCL,2018-02-12,551,563,550,563,3108
166308,BPCL,2018-02-14,563,570,550,559,3377
166465,BPCL,2018-02-15,559,569,556,568,7473
166629,BPCL,2018-02-18,575,575,557,557,1970
166790,BPCL,2018-02-20,551,551,539,540,4906
166947,BPCL,2018-02-21,550,559,535,545,3770
167091,BPCL,2018-02-22,535,550,535,545,2575
167249,BPCL,2018-02-25,555,555,532,542,1040
167396,BPCL,2018-02-26,552,552,524,534,5160
167545,BPCL,2018-02-27,536,540,517,530,13789
167699,BPCL,2018-02-28,540,540,512,518,3820
167857,BPCL,2018-03-04,518,528,498,507,1674
168007,BPCL,2018-03-05,517,517,491,497,8835
168161,BPCL,2018-03-06,506,506,486,494,4489
168326,BPCL,2018-03-07,503,513,493,500,5610
168482,BPCL,2018-03-11,501,501,485,485,3050
168641,BPCL,2018-03-12,494,494,481,481,4562
168794,BPCL,2018-03-13,480,490,476,490,400
168949,BPCL,2018-03-14,499,508,487,489,1540
169105,BPCL,2018-03-15,498,498,489,490,180
169255,BPCL,2018-03-18,490,490,483,483,7580
169409,BPCL,2018-03-19,488,488,480,483,2706
169560,BPCL,2018-03-20,492,490,471,484,8048
169719,BPCL,2018-03-21,491,491,470,482,2271
169871,BPCL,2018-03-22,491,497,464,464,9957
170029,BPCL,2018-03-26,455,464,420,436,8421
170186,BPCL,2018-03-27,428,468,421,468,5142
170351,BPCL,2018-03-28,460,477,442,457,5670
170514,BPCL,2018-03-29,466,475,452,470,6908
170676,BPCL,2018-04-01,461,467,445,459,8314
170833,BPCL,2018-04-02,455,462,450,451,11334
170990,BPCL,2018-04-03,460,469,451,469,3028
171150,BPCL,2018-04-04,478,483,469,471,2382
171312,BPCL,2018-04-05,480,500,480,488,21594
171480,BPCL,2018-04-08,497,515,482,500,12817
171656,BPCL,2018-04-09,510,510,462,470,51497
171823,BPCL,2018-04-10,475,475,445,461,29800
171982,BPCL,2018-04-11,455,465,453,462,10222
172141,BPCL,2018-04-12,462,463,455,456,8222
172304,BPCL,2018-04-15,465,465,447,455,4418
172465,BPCL,2018-04-16,464,473,455,460,8321
172631,BPCL,2018-04-17,468,483,463,469,10023
172798,BPCL,2018-04-18,478,502,460,476,15163
172964,BPCL,2018-04-19,485,490,473,485,8075
173130,BPCL,2018-04-22,493,515,485,515,25320
173298,BPCL,2018-04-23,524,524,488,495,19712
173468,BPCL,2018-04-24,500,498,486,487,7482
173636,BPCL,2018-04-25,486,490,485,485,3009
173797,BPCL,2018-04-26,492,492,467,480,7128
173955,BPCL,2018-04-29,472,491,471,491,3581
174117,BPCL,2018-05-02,482,510,480,510,11939
174275,BPCL,2018-05-03,520,520,501,504,21390
174444,BPCL,2018-05-06,495,500,487,492,38378
174603,BPCL,2018-05-07,501,510,490,504,129999
174763,BPCL,2018-05-08,507,507,500,504,26013
174928,BPCL,2018-05-09,502,504,501,502,32277
175088,BPCL,2018-05-10,492,500,484,485,27610
175251,BPCL,2018-05-14,485,490,479,481,24752
175412,BPCL,2018-05-15,483,488,478,479,7094
175557,BPCL,2018-05-16,471,483,471,483,3820
175715,BPCL,2018-05-17,486,486,479,479,5276
175867,BPCL,2018-05-20,480,484,474,474,5333
176025,BPCL,2018-05-21,476,480,471,479,3500
176189,BPCL,2018-05-22,472,481,472,480,12205
176349,BPCL,2018-05-23,478,479,474,475,6821
176510,BPCL,2018-05-24,480,480,471,471,3654
176670,BPCL,2018-05-27,470,471,464,467,6111
176834,BPCL,2018-05-28,467,480,460,470,12320
176999,BPCL,2018-05-29,472,478,465,465,7584
177169,BPCL,2018-05-30,465,475,462,468,9060
177332,BPCL,2018-05-31,461,470,461,465,3159
177495,BPCL,2018-06-03,460,465,452,453,7670
177650,BPCL,2018-06-04,451,459,447,452,5264
177807,BPCL,2018-06-06,453,462,453,459,1235
177946,BPCL,2018-06-07,459,459,446,450,7944
178111,BPCL,2018-06-10,445,446,441,446,8434
178274,BPCL,2018-06-11,438,454,435,443,7901
178444,BPCL,2018-06-12,444,446,440,443,5407
178603,BPCL,2018-06-13,449,449,441,441,3650
178764,BPCL,2018-06-14,444,456,440,450,6961
178930,BPCL,2018-06-17,450,453,440,441,5990
179086,BPCL,2018-06-18,434,444,434,442,1450
179243,BPCL,2018-06-19,435,450,435,443,3815
179398,BPCL,2018-06-20,437,445,437,443,3582
179555,BPCL,2018-06-21,450,459,442,444,4718
179717,BPCL,2018-06-24,437,452,437,449,2930
179882,BPCL,2018-06-25,449,450,440,440,4665
180040,BPCL,2018-06-26,440,446,433,439,8864
180201,BPCL,2018-06-27,434,444,434,439,12322
180357,BPCL,2018-06-28,440,445,438,440,2400
180521,BPCL,2018-07-01,440,442,434,441,8573
180679,BPCL,2018-07-02,439,440,431,436,2311
180837,BPCL,2018-07-03,436,440,434,435,5915
181001,BPCL,2018-07-04,434,440,430,435,8700
181170,BPCL,2018-07-05,443,456,436,450,6650
181339,BPCL,2018-07-08,446,455,440,447,8332
181505,BPCL,2018-07-09,447,448,439,439,3790
181670,BPCL,2018-07-10,440,444,439,444,6527
181829,BPCL,2018-07-11,445,446,437,441,3877
182003,BPCL,2018-07-12,448,448,436,438,7270
182168,BPCL,2018-07-15,438,440,435,438,3909
182335,BPCL,2018-07-16,431,461,431,457,15117
182495,BPCL,2018-07-17,448,448,442,442,800
182646,BPCL,2018-07-18,442,442,437,440,2415
182784,BPCL,2018-07-19,440,442,436,442,4328
182947,BPCL,2018-07-22,450,450,435,435,3490
183111,BPCL,2018-07-23,435,445,433,437,770
183270,BPCL,2018-07-24,431,445,431,440,2305
183429,BPCL,2018-07-25,433,442,433,440,2076
183598,BPCL,2018-07-26,433,446,433,437,3230
183758,BPCL,2018-07-29,432,440,432,435,5700
183913,BPCL,2018-07-30,431,440,431,436,1840
184082,BPCL,2018-07-31,444,444,432,438,4856
184244,BPCL,2018-08-01,444,444,436,437,890
184400,BPCL,2018-08-02,436,442,436,440,2079
184561,BPCL,2018-08-05,439,442,439,440,2079
184722,BPCL,2018-08-06,447,447,439,441,1320
184869,BPCL,2018-08-07,441,446,439,441,4050
185025,BPCL,2018-08-08,433,443,433,443,1920
185186,BPCL,2018-08-09,444,446,436,440,3560
185350,BPCL,2018-08-12,439,439,433,438,1420
185513,BPCL,2018-08-13,431,440,431,437,1390
185670,BPCL,2018-08-14,440,440,434,438,1220
185830,BPCL,2018-08-15,439,449,433,449,7030
185995,BPCL,2018-08-16,449,452,438,446,13068
186160,BPCL,2018-08-19,450,450,439,439,1370
186320,BPCL,2018-08-20,438,438,434,436,2390
186481,BPCL,2018-08-21,436,437,433,433,1660
186642,BPCL,2018-08-22,429,438,429,434,900
186795,BPCL,2018-08-23,440,440,433,434,1464
186953,BPCL,2018-08-26,429,437,429,431,1070
187099,BPCL,2018-08-28,430,439,430,433,1992
187252,BPCL,2018-08-29,430,434,430,432,4477
187416,BPCL,2018-08-30,440,440,430,434,1845
187583,BPCL,2018-09-02,431,438,431,437,1002
187747,BPCL,2018-09-03,433,442,433,442,5003
187916,BPCL,2018-09-04,436,444,436,440,3707
188089,BPCL,2018-09-05,441,454,440,450,3020
188257,BPCL,2018-09-06,450,450,443,443,5277
188430,BPCL,2018-09-09,439,456,439,453,6562
188595,BPCL,2018-09-10,445,453,445,452,2642
188757,BPCL,2018-09-11,450,453,447,453,410
188924,BPCL,2018-09-12,445,450,445,450,3730
189089,BPCL,2018-09-13,445,464,445,464,9664
189262,BPCL,2018-09-16,455,470,451,462,11720
189428,BPCL,2018-09-17,464,465,455,457,7574
189595,BPCL,2018-09-18,458,471,454,464,6908
189764,BPCL,2018-09-20,465,482,464,475,17024
189929,BPCL,2018-09-23,466,488,466,488,22369
190095,BPCL,2018-09-25,496,496,482,491,28855
190268,BPCL,2018-09-26,491,491,480,483,27309
190439,BPCL,2018-09-27,492,490,471,480,9495
190608,BPCL,2018-09-30,472,478,468,478,4940
190776,BPCL,2018-10-01,475,477,470,475,18319
190941,BPCL,2018-10-02,466,479,466,475,15243
191110,BPCL,2018-10-03,474,478,467,467,2350
191277,BPCL,2018-10-04,465,470,463,470,12388
191441,BPCL,2018-10-07,465,475,465,472,15150
191600,BPCL,2018-10-08,472,489,466,479,3180
191763,BPCL,2018-10-09,480,486,469,474,7730
191924,BPCL,2018-10-10,467,475,467,475,2110
192085,BPCL,2018-10-11,470,474,467,473,7381
192249,BPCL,2018-10-14,475,482,469,480,2180
192405,BPCL,2018-10-15,471,477,467,477,1572
192557,BPCL,2018-10-21,468,480,468,480,220
192683,BPCL,2018-10-22,471,475,466,475,2170
192825,BPCL,2018-10-23,484,484,467,468,1904
192979,BPCL,2018-10-24,470,471,464,468,6730
193132,BPCL,2018-10-25,460,470,460,470,17614
193288,BPCL,2018-10-28,470,473,461,473,19142
193447,BPCL,2018-10-29,473,473,464,468,6023
193606,BPCL,2018-10-30,468,475,460,465,6057
193770,BPCL,2018-10-31,463,465,461,463,2442
193934,BPCL,2018-11-01,472,472,462,470,1675
194093,BPCL,2018-11-04,461,470,461,470,13929
194246,BPCL,2018-11-05,462,469,460,469,5031
194399,BPCL,2018-11-06,469,475,470,470,40
194495,BPCL,2018-11-11,470,470,457,468,640
194618,BPCL,2018-11-12,477,477,457,462,1991
194751,BPCL,2018-11-13,458,465,455,461,1119
194900,BPCL,2018-11-14,469,469,459,460,917
195043,BPCL,2018-11-15,460,460,458,458,1828
195201,BPCL,2018-11-18,460,460,455,455,2027
195346,BPCL,2018-11-19,450,456,450,452,1628
195495,BPCL,2018-11-20,454,454,443,444,3087
195640,BPCL,2018-11-21,437,450,437,450,1876
195791,BPCL,2018-11-22,445,469,442,469,660
195932,BPCL,2018-11-25,460,460,445,447,920
196087,BPCL,2018-11-26,442,445,442,444,1460
196242,BPCL,2018-11-27,445,449,440,441,1760
196396,BPCL,2018-11-28,440,448,436,437,2011
196550,BPCL,2018-11-29,434,437,434,437,1579
196710,BPCL,2018-12-02,431,442,431,442,3450
196868,BPCL,2018-12-03,434,448,427,434,17639
197025,BPCL,2018-12-04,428,435,428,434,735
197181,BPCL,2018-12-05,439,439,425,426,1010
197336,BPCL,2018-12-06,434,434,415,429,3660
197498,BPCL,2018-12-09,437,440,430,437,11748
197653,BPCL,2018-12-10,440,447,437,438,4890
197816,BPCL,2018-12-11,440,440,432,436,4871
197979,BPCL,2018-12-12,440,440,429,431,2690
198136,BPCL,2018-12-13,439,440,431,438,3622
198290,BPCL,2018-12-16,446,446,437,438,3431
198450,BPCL,2018-12-17,436,445,435,440,4532
198607,BPCL,2018-12-18,446,452,426,432,3955
198766,BPCL,2018-12-19,432,440,425,438,1630
198925,BPCL,2018-12-20,446,454,438,439,16500
199088,BPCL,2018-12-23,399,405,388,394,5541
199252,BPCL,2018-12-24,394,399,385,389,4544
199420,BPCL,2018-12-25,390,390,377,378,3560
199584,BPCL,2018-12-26,375,385,372,382,4753
199757,BPCL,2018-12-27,387,387,375,375,6523
199930,BPCL,2018-12-30,375,377,373,377,4055
200098,BPCL,2018-12-31,378,381,373,380,1320
200261,BPCL,2019-01-01,375,382,375,375,1927
200420,BPCL,2019-01-02,376,380,373,375,2693
200572,BPCL,2019-01-03,370,375,370,373,800
200731,BPCL,2019-01-06,370,374,370,374,590
200885,BPCL,2019-01-07,371,372,369,370,2343
201052,BPCL,2019-01-08,370,373,370,370,1880
201211,BPCL,2019-01-09,376,376,366,370,918
201378,BPCL,2019-01-10,366,370,366,369,6430
201539,BPCL,2019-01-13,370,373,369,371,960
201698,BPCL,2019-01-14,370,375,365,375,1740
201857,BPCL,2019-01-15,370,393,370,393,1547
202014,BPCL,2019-01-16,398,398,372,375,3426
202184,BPCL,2019-01-17,375,378,370,378,1831
202347,BPCL,2019-01-20,371,371,369,370,1110
202492,BPCL,2019-01-21,368,371,368,368,2046
202655,BPCL,2019-01-22,364,368,364,366,3795
202811,BPCL,2019-01-23,365,368,363,368,1315
202974,BPCL,2019-01-24,370,370,367,368,1297
203135,BPCL,2019-01-27,363,367,363,364,1447
203298,BPCL,2019-01-28,362,368,362,363,2422
203463,BPCL,2019-01-29,363,364,361,362,1700
203624,BPCL,2019-01-30,368,368,359,362,7639
203793,BPCL,2019-01-31,363,363,360,360,4384
203962,BPCL,2019-02-03,358,359,356,356,2935
204128,BPCL,2019-02-04,353,354,349,350,2905
204290,BPCL,2019-02-05,345,370,345,370,1160
204454,BPCL,2019-02-06,365,365,349,359,2068
204620,BPCL,2019-02-07,354,354,350,350,2326
204782,BPCL,2019-02-10,357,357,344,344,2780
204943,BPCL,2019-02-11,344,348,343,344,840
205109,BPCL,2019-02-12,377,377,349,355,1680
205274,BPCL,2019-02-13,350,355,349,349,4167
205445,BPCL,2019-02-14,343,348,343,348,5028
205609,BPCL,2019-02-17,348,350,343,343,1690
205779,BPCL,2019-02-18,339,344,339,340,3151
205939,BPCL,2019-02-19,338,350,338,350,820
206106,BPCL,2019-02-20,345,347,345,345,375
206268,BPCL,2019-02-21,345,346,342,345,816
206422,BPCL,2019-02-24,345,350,345,347,819
206587,BPCL,2019-02-25,347,347,345,346,1419
206753,BPCL,2019-02-26,344,344,336,340,10693
206917,BPCL,2019-02-27,342,344,335,338,8306
207085,BPCL,2019-03-03,338,338,332,336,2672
207261,BPCL,2019-03-05,340,346,338,340,1252
207434,BPCL,2019-03-06,340,342,337,342,2470
207603,BPCL,2019-03-07,342,350,342,350,2020
207776,BPCL,2019-03-10,346,346,345,345,230
207916,BPCL,2019-03-11,346,360,345,360,3530
208088,BPCL,2019-03-12,367,374,361,370,16360
208262,BPCL,2019-03-13,364,370,355,361,4571
208435,BPCL,2019-03-14,361,366,356,365,1210
208607,BPCL,2019-03-17,365,372,362,366,2045
208778,BPCL,2019-03-18,365,368,363,364,3831
208948,BPCL,2019-03-19,362,363,355,355,3130
209105,BPCL,2019-03-21,362,362,356,356,2689
209275,BPCL,2019-03-24,353,360,353,357,1583
209442,BPCL,2019-03-25,356,360,355,360,2560
209611,BPCL,2019-03-26,357,360,354,360,4575
209781,BPCL,2019-03-27,356,358,356,358,2315
209947,BPCL,2019-03-28,355,360,355,360,2907
210115,BPCL,2019-03-31,360,360,354,355,5239
210280,BPCL,2019-04-01,355,362,354,362,4419
210449,BPCL,2019-04-02,356,363,356,356,4045
210617,BPCL,2019-04-03,357,361,357,361,2976
210787,BPCL,2019-04-04,355,360,354,358,6629
210958,BPCL,2019-04-07,354,361,354,357,1681
211127,BPCL,2019-04-08,356,368,356,360,3482
211296,BPCL,2019-04-09,358,364,358,360,1203
211466,BPCL,2019-04-10,358,360,358,358,2522
211635,BPCL,2019-04-11,358,360,356,360,2702
211805,BPCL,2019-04-15,356,359,356,359,514
211971,BPCL,2019-04-16,360,365,358,360,3699
212140,BPCL,2019-04-17,360,378,355,369,18524
212311,BPCL,2019-04-18,364,368,364,364,2948
212477,BPCL,2019-04-21,361,365,361,362,3650
212648,BPCL,2019-04-22,361,369,361,363,4071
212816,BPCL,2019-04-23,360,361,358,360,1653
212992,BPCL,2019-04-24,354,365,354,358,4731
213162,BPCL,2019-04-25,358,372,353,366,17470
213339,BPCL,2019-04-28,368,393,367,381,15411
213514,BPCL,2019-04-29,387,388,370,381,12934
213689,BPCL,2019-04-30,375,409,375,395,35326
213865,BPCL,2019-05-02,402,402,382,390,9805
214035,BPCL,2019-05-05,383,390,372,372,5950
214211,BPCL,2019-05-06,375,377,370,375,17231
214381,BPCL,2019-05-07,375,380,353,380,52806
214558,BPCL,2019-05-08,373,374,365,373,4671
214732,BPCL,2019-05-09,367,373,366,367,10525
214906,BPCL,2019-05-12,367,375,361,371,4091
215078,BPCL,2019-05-13,372,390,367,383,61657
215247,BPCL,2019-05-14,385,396,378,385,22697
215417,BPCL,2019-05-15,391,397,385,388,23230
215588,BPCL,2019-05-16,395,395,383,388,14906
215762,BPCL,2019-05-19,384,418,384,405,82547
215930,BPCL,2019-05-20,413,437,403,428,105890
216104,BPCL,2019-05-21,430,459,425,448,135510
216277,BPCL,2019-05-22,452,456,439,444,99027
216448,BPCL,2019-05-23,444,444,417,424,49386
216617,BPCL,2019-05-26,432,432,417,418,18695
216782,BPCL,2019-05-27,415,429,415,420,16358
216952,BPCL,2019-05-28,427,428,417,420,17711
217117,BPCL,2019-05-29,420,436,420,429,17746
217289,BPCL,2019-05-30,437,445,425,425,43409
217464,BPCL,2019-06-02,430,430,416,416,13481
217630,BPCL,2019-06-03,412,419,412,414,12101
217801,BPCL,2019-06-04,410,419,410,411,10618
217972,BPCL,2019-06-06,410,419,407,408,12774
218143,BPCL,2019-06-10,410,415,402,402,11159
218318,BPCL,2019-06-11,408,409,402,407,17095
218491,BPCL,2019-06-12,403,407,402,405,4193
218665,BPCL,2019-06-13,408,411,400,406,5112
218835,BPCL,2019-06-16,400,407,400,404,3207
219008,BPCL,2019-06-17,405,410,401,406,4353
219181,BPCL,2019-06-18,406,407,402,403,6306
219357,BPCL,2019-06-19,409,410,402,402,4995
219526,BPCL,2019-06-20,400,407,400,406,6958
219697,BPCL,2019-06-23,414,414,396,402,3783
219868,BPCL,2019-06-24,400,406,400,404,2561
220042,BPCL,2019-06-25,404,408,403,405,5259
220216,BPCL,2019-06-26,400,407,400,404,4103
220382,BPCL,2019-06-27,403,405,399,405,5956
220554,BPCL,2019-06-30,403,403,395,395,6625
220724,BPCL,2019-07-01,400,400,394,397,741
220895,BPCL,2019-07-02,400,407,396,405,5045
221064,BPCL,2019-07-03,402,409,401,407,1793
221238,BPCL,2019-07-04,404,407,401,401,4722
221414,BPCL,2019-07-07,405,408,403,408,5938
221585,BPCL,2019-07-08,402,408,401,408,2533
221757,BPCL,2019-07-09,408,414,403,410,7625
221922,BPCL,2019-07-10,410,410,407,407,5830
222090,BPCL,2019-07-11,409,409,400,401,4618
222261,BPCL,2019-07-14,398,404,398,401,2542
222422,BPCL,2019-07-15,410,410,398,409,4457
222592,BPCL,2019-07-16,429,429,400,409,182
222754,BPCL,2019-07-17,405,415,403,413,6919
222917,BPCL,2019-07-18,410,421,406,411,6658
223075,BPCL,2019-07-21,415,415,401,409,4920
223241,BPCL,2019-07-22,407,413,407,413,2161
223406,BPCL,2019-07-23,416,416,408,408,1863
223576,BPCL,2019-07-24,411,414,405,405,6362
223746,BPCL,2019-07-25,406,414,405,405,8605
223918,BPCL,2019-07-28,405,405,400,404,3151
224082,BPCL,2019-07-29,410,410,402,404,6833
224248,BPCL,2019-07-30,410,412,402,406,5687
224420,BPCL,2019-07-31,406,409,403,406,7173
224588,BPCL,2019-08-01,411,411,403,404,15191
224754,BPCL,2019-08-04,404,405,402,402,6207
224924,BPCL,2019-08-05,402,405,397,400,7004
225092,BPCL,2019-08-06,400,403,395,395,16950
225261,BPCL,2019-08-07,395,404,392,398,4670
225432,BPCL,2019-08-08,394,398,394,394,4335
225598,BPCL,2019-08-11,394,396,388,390,7453
225764,BPCL,2019-08-12,390,394,387,393,2380
225935,BPCL,2019-08-13,395,395,390,391,6337
226101,BPCL,2019-08-14,392,392,387,388,1640
226269,BPCL,2019-08-15,392,394,386,390,1915
226427,BPCL,2019-08-18,391,391,386,386,1106
226589,BPCL,2019-08-19,388,400,385,396,5384
226763,BPCL,2019-08-20,393,394,385,390,2453
226929,BPCL,2019-08-21,389,392,386,392,958
227089,BPCL,2019-08-22,391,391,384,384,5998
227261,BPCL,2019-08-25,382,388,382,383,2145
227432,BPCL,2019-08-26,383,384,377,384,3693
227602,BPCL,2019-08-27,380,395,380,392,3779
227769,BPCL,2019-08-28,395,395,381,388,4658
227937,BPCL,2019-08-29,386,388,383,384,2365
228106,BPCL,2019-09-01,384,385,380,380,2323
228273,BPCL,2019-09-02,380,380,363,380,16272
228445,BPCL,2019-09-03,380,393,370,390,4978
228615,BPCL,2019-09-04,383,388,380,380,7356
228784,BPCL,2019-09-05,375,387,375,380,1654
228949,BPCL,2019-09-08,377,384,377,384,860
229115,BPCL,2019-09-09,386,386,369,382,3194
229289,BPCL,2019-09-10,382,385,369,377,3926
229460,BPCL,2019-09-11,378,378,371,375,8907
229629,BPCL,2019-09-12,370,375,370,374,5129
229797,BPCL,2019-09-15,370,375,358,367,11980
229959,BPCL,2019-09-16,385,385,353,357,2601
230130,BPCL,2019-09-17,350,372,350,367,5774
230301,BPCL,2019-09-18,374,375,365,375,3852
230471,BPCL,2019-09-19,378,378,370,370,4898
230619,BPCL,2019-09-22,361,365,356,360,6962
230786,BPCL,2019-09-23,360,364,358,362,1988
230957,BPCL,2019-09-24,356,364,356,357,2153
231128,BPCL,2019-09-25,354,358,353,354,6169
231295,BPCL,2019-09-26,353,357,352,357,1285
231462,BPCL,2019-09-29,355,359,354,359,1987
231615,BPCL,2019-09-30,356,359,356,358,1850
231773,BPCL,2019-10-01,358,362,358,361,6566
231938,BPCL,2019-10-02,368,368,355,355,2291
232098,BPCL,2019-10-03,355,362,355,362,188
232250,BPCL,2019-10-10,362,365,361,365,103
232371,BPCL,2019-10-14,359,363,354,363,6353
232526,BPCL,2019-10-15,363,368,362,366,1415
232671,BPCL,2019-10-16,361,363,358,363,2801
232824,BPCL,2019-10-17,357,364,357,364,2428
232982,BPCL,2019-10-20,358,364,357,362,705
233113,BPCL,2019-10-21,357,360,357,358,1744
233258,BPCL,2019-10-22,358,365,356,365,1249
233411,BPCL,2019-10-23,365,367,358,367,1203
233564,BPCL,2019-10-24,365,370,363,368,3953
233719,BPCL,2019-10-31,365,368,361,367,10738
233873,BPCL,2019-11-03,361,364,357,364,5061
234033,BPCL,2019-11-04,363,368,358,368,3596
234196,BPCL,2019-11-05,364,369,363,369,1304
234357,BPCL,2019-11-06,368,372,362,370,1284
234516,BPCL,2019-11-07,370,370,358,368,10335
234679,BPCL,2019-11-10,361,367,355,357,5189
234845,BPCL,2019-11-11,355,367,355,367,1739
235018,BPCL,2019-11-12,365,370,356,359,4479
235178,BPCL,2019-11-13,359,360,355,358,3650
235331,BPCL,2019-11-14,358,360,355,357,1901
235495,BPCL,2019-11-17,354,354,349,350,8784
235658,BPCL,2019-11-18,349,353,348,353,1196
235818,BPCL,2019-11-19,347,351,347,347,2267
235980,BPCL,2019-11-20,347,351,347,347,2925
236144,BPCL,2019-11-21,347,348,343,347,3746
236312,BPCL,2019-11-24,345,353,342,343,1829
236474,BPCL,2019-11-25,342,349,342,345,587
236643,BPCL,2019-11-26,342,343,341,341,453
236808,BPCL,2019-11-27,340,348,340,348,1332
236972,BPCL,2019-11-28,342,345,342,344,1697
237137,BPCL,2019-12-01,342,344,340,342,1389
237298,BPCL,2019-12-02,340,343,330,330,7279
237463,BPCL,2019-12-03,336,336,329,334,6535
237636,BPCL,2019-12-04,340,351,333,334,4056
237804,BPCL,2019-12-05,338,339,332,334,3538
237972,BPCL,2019-12-08,332,346,331,343,6247
238143,BPCL,2019-12-09,342,365,342,360,32400
238316,BPCL,2019-12-10,367,367,356,357,22305
238485,BPCL,2019-12-11,357,360,352,360,11731
238659,BPCL,2019-12-12,360,375,353,366,32341
238827,BPCL,2019-12-15,360,362,354,357,7427
238998,BPCL,2019-12-16,357,360,352,354,5846
239164,BPCL,2019-12-17,351,360,351,357,2256
239332,BPCL,2019-12-18,361,361,352,353,3098
239498,BPCL,2019-12-19,352,360,352,357,5702
239667,BPCL,2019-12-22,355,357,353,356,9655
239835,BPCL,2019-12-23,356,357,352,355,8955
240010,BPCL,2019-12-24,360,364,350,352,80343
240183,BPCL,2019-12-25,315,315,305,309,9101
240356,BPCL,2019-12-26,315,315,301,302,8548
240529,BPCL,2019-12-29,308,308,300,303,4607
240711,BPCL,2019-12-30,300,308,300,304,1941
240888,BPCL,2019-12-31,310,310,300,303,2446
241065,BPCL,2020-01-01,305,305,300,302,3358
241241,BPCL,2020-01-02,302,303,300,302,6109
241410,BPCL,2020-01-05,302,311,302,308,3361
241584,BPCL,2020-01-06,311,314,305,308,5250
241762,BPCL,2020-01-07,307,314,307,310,9686
241941,BPCL,2020-01-08,309,310,307,309,3209
242111,BPCL,2020-01-09,310,310,305,309,11483
242290,BPCL,2020-01-12,310,320,310,317,13550
242469,BPCL,2020-01-13,323,342,318,325,43912
242652,BPCL,2020-01-14,330,337,319,328,10056
242835,BPCL,2020-01-15,328,333,324,329,6037
243013,BPCL,2020-01-16,335,335,324,332,8907
243193,BPCL,2020-01-19,335,356,329,340,28640
243371,BPCL,2020-01-20,340,343,325,332,15991
243553,BPCL,2020-01-21,335,335,320,327,4586
243735,BPCL,2020-01-22,327,328,321,325,4197
243913,BPCL,2020-01-23,321,328,319,328,4135
244086,BPCL,2020-01-26,334,334,315,318,7114
244260,BPCL,2020-01-27,323,323,316,322,5431
244440,BPCL,2020-01-28,322,322,317,317,6302
244618,BPCL,2020-01-29,317,321,316,318,5052
244794,BPCL,2020-01-30,316,325,316,323,6034
244971,BPCL,2020-02-02,321,331,321,330,10119
245147,BPCL,2020-02-03,324,353,324,346,48478
245324,BPCL,2020-02-04,348,353,332,332,20395
245500,BPCL,2020-02-05,332,340,332,335,6676
245677,BPCL,2020-02-06,335,337,329,334,7414
245851,BPCL,2020-02-09,328,329,323,327,10196
246024,BPCL,2020-02-10,333,333,322,330,1902
246200,BPCL,2020-02-11,336,350,332,335,18492
246375,BPCL,2020-02-12,341,345,336,336,20106
246548,BPCL,2020-02-13,342,348,335,338,13174
246719,BPCL,2020-02-16,339,339,336,339,8820
246895,BPCL,2020-02-17,345,356,339,350,61077
247071,BPCL,2020-02-18,354,355,340,347,25909
247251,BPCL,2020-02-19,350,362,349,361,39456
247428,BPCL,2020-02-20,361,396,361,396,40433
247608,BPCL,2020-02-23,402,429,393,405,74224
247786,BPCL,2020-02-24,411,411,388,395,39083
247964,BPCL,2020-02-25,390,405,385,403,41452
248145,BPCL,2020-02-26,408,414,402,403,45997
248325,BPCL,2020-02-27,404,409,390,399,48106
248505,BPCL,2020-03-01,405,408,390,396,37520
248688,BPCL,2020-03-02,390,395,380,380,21389
248861,BPCL,2020-03-03,373,388,352,385,30654
249042,BPCL,2020-03-04,380,380,360,364,24759
249217,BPCL,2020-03-05,363,368,354,360,14606
249393,BPCL,2020-03-10,353,354,340,340,10952
249556,BPCL,2020-03-11,337,358,337,353,13564
249736,BPCL,2020-03-12,360,360,345,350,17709
249918,BPCL,2020-03-15,343,345,328,330,21930
250092,BPCL,2020-03-16,330,344,326,332,10560
250272,BPCL,2020-03-17,330,333,325,325,14772
250447,BPCL,2020-03-18,322,336,309,318,13923
250619,BPCL,2020-03-19,313,330,312,326,15644
250788,BPCL,2020-03-22,321,330,320,330,1300
