id,symbol,date,open,high,low,close,vol
40,LFLC,2012-01-01,126,126,125,125,140
266,LFLC,2012-01-04,125,123,121,122,691
333,LFLC,2012-01-05,122,127,121,127,316
403,LFLC,2012-01-08,127,128,124,124,366
478,LFLC,2012-01-09,124,126,126,126,100
551,LFLC,2012-01-10,127,125,125,125,57
625,LFLC,2012-01-11,125,123,119,119,1004
778,LFLC,2012-01-16,119,123,121,123,117
857,LFLC,2012-01-17,123,125,125,125,19
1062,LFLC,2012-01-22,125,129,127,129,20
1148,LFLC,2012-01-23,129,131,131,131,30
1304,LFLC,2012-01-26,131,131,131,131,64
1392,LFLC,2012-01-29,131,129,129,129,20
1480,LFLC,2012-01-31,129,131,129,129,388
1657,LFLC,2012-02-02,129,127,123,123,1103
1821,LFLC,2012-02-06,123,127,122,127,208
1990,LFLC,2012-02-08,127,125,123,123,90
2069,LFLC,2012-02-09,123,121,120,120,717
2145,LFLC,2012-02-12,120,121,121,121,445
2390,LFLC,2012-02-15,121,123,123,123,245
2473,LFLC,2012-02-16,123,124,122,124,273
2555,LFLC,2012-02-21,124,128,126,126,296
2724,LFLC,2012-02-26,126,124,124,124,105
2814,LFLC,2012-02-27,124,128,126,128,528
3137,LFLC,2012-03-04,128,130,130,130,50
3300,LFLC,2012-03-06,130,134,132,132,335
3388,LFLC,2012-03-11,132,130,128,130,208
3550,LFLC,2012-03-13,130,128,128,128,100
3634,LFLC,2012-03-14,128,130,126,128,548
3786,LFLC,2012-03-18,128,127,124,124,482
3967,LFLC,2012-03-20,124,124,122,122,117
4052,LFLC,2012-03-21,122,123,123,123,10
4129,LFLC,2012-03-25,123,125,125,125,90
4208,LFLC,2012-03-26,125,124,123,124,162
4286,LFLC,2012-03-27,124,123,122,122,276
4372,LFLC,2012-03-28,122,124,124,124,68
4627,LFLC,2012-04-02,124,124,117,117,390
4712,LFLC,2012-04-03,117,116,113,113,565
4806,LFLC,2012-04-04,113,123,115,123,50
5048,LFLC,2012-04-09,123,121,117,117,533
5127,LFLC,2012-04-10,117,117,115,115,615
5199,LFLC,2012-04-11,115,118,116,118,677
5277,LFLC,2012-04-12,118,120,120,120,34
5360,LFLC,2012-04-15,120,122,122,122,10
5648,LFLC,2012-04-19,122,130,124,130,336
5745,LFLC,2012-04-22,130,134,132,134,200
5964,LFLC,2012-04-26,134,138,136,138,260
6059,LFLC,2012-04-29,138,140,140,140,60
6149,LFLC,2012-04-30,140,142,140,142,110
6568,LFLC,2012-05-10,142,150,144,150,352
6648,LFLC,2012-05-13,150,153,142,142,986
6778,LFLC,2012-05-15,142,144,144,144,283
6895,LFLC,2012-05-17,144,142,142,142,41
7040,LFLC,2012-05-21,142,140,140,140,103
7125,LFLC,2012-05-22,140,138,136,136,205
7257,LFLC,2012-05-24,136,138,132,132,718
7338,LFLC,2012-05-27,132,132,130,130,296
7856,LFLC,2012-06-07,130,128,125,125,150
7929,LFLC,2012-06-10,125,123,123,123,44
8014,LFLC,2012-06-11,123,121,119,119,121
8094,LFLC,2012-06-12,119,118,118,118,121
8181,LFLC,2012-06-13,118,124,120,122,915
8264,LFLC,2012-06-14,122,125,123,125,198
8346,LFLC,2012-06-17,125,123,123,123,90
8429,LFLC,2012-06-18,123,123,121,123,593
8506,LFLC,2012-06-19,123,125,123,125,676
8590,LFLC,2012-06-20,125,123,123,123,446
9049,LFLC,2012-07-01,123,126,125,126,174
9125,LFLC,2012-07-02,126,126,124,126,479
9207,LFLC,2012-07-03,126,128,128,128,41
9285,LFLC,2012-07-04,128,127,127,127,130
9439,LFLC,2012-07-08,127,126,126,126,80
9595,LFLC,2012-07-10,126,132,128,132,182
9681,LFLC,2012-07-11,132,130,130,130,100
9767,LFLC,2012-07-12,130,132,130,130,1207
9920,LFLC,2012-07-16,130,132,130,130,859
10001,LFLC,2012-07-17,130,132,132,132,284
10092,LFLC,2012-07-18,132,140,134,140,1358
10176,LFLC,2012-07-19,140,142,140,142,207
10261,LFLC,2012-07-22,142,153,144,153,384
10734,LFLC,2012-07-30,153,150,141,141,324
10824,LFLC,2012-07-31,141,141,141,141,238
11071,LFLC,2012-08-06,141,143,143,143,10
11250,LFLC,2012-08-08,143,157,145,157,1594
11337,LFLC,2012-08-12,157,154,151,151,110
11422,LFLC,2012-08-13,151,160,154,160,315
11507,LFLC,2012-08-14,160,166,157,166,625
11587,LFLC,2012-08-15,166,163,152,152,154
11667,LFLC,2012-08-16,152,150,149,149,103
11837,LFLC,2012-08-21,149,149,147,149,350
11925,LFLC,2012-08-22,149,149,148,148,409
12012,LFLC,2012-08-23,148,150,150,150,299
12103,LFLC,2012-08-26,150,149,149,149,33
12194,LFLC,2012-08-27,149,150,147,148,890
12292,LFLC,2012-08-28,148,151,149,151,222
12386,LFLC,2012-08-29,151,150,150,150,76
12477,LFLC,2012-08-30,150,154,152,154,94
12575,LFLC,2012-09-02,154,157,152,157,310
12669,LFLC,2012-09-03,157,161,154,160,390
12762,LFLC,2012-09-04,160,163,163,163,561
12854,LFLC,2012-09-05,163,163,163,163,10
12952,LFLC,2012-09-06,163,163,161,163,323
13140,LFLC,2012-09-10,163,160,155,156,791
13334,LFLC,2012-09-12,156,155,153,155,179
13627,LFLC,2012-09-17,155,162,158,162,246
13721,LFLC,2012-09-18,162,163,163,163,10
13820,LFLC,2012-09-19,163,165,162,162,177
14099,LFLC,2012-09-24,162,160,160,160,158
14518,LFLC,2012-10-01,160,160,160,160,60
14519,LFLC,2012-10-01,160,160,160,160,60
14758,LFLC,2012-10-03,160,160,160,160,300
14861,LFLC,2012-10-04,160,161,159,159,385
15254,LFLC,2012-10-10,159,156,156,156,15
15345,LFLC,2012-10-11,156,155,152,152,284
15442,LFLC,2012-10-14,152,155,155,155,45
15531,LFLC,2012-10-15,155,152,152,152,45
15702,LFLC,2012-10-18,152,155,155,155,45
16030,LFLC,2012-11-04,155,155,151,151,976
16308,LFLC,2012-11-07,151,155,152,155,274
16562,LFLC,2012-11-12,155,157,157,157,333
16638,LFLC,2012-11-18,157,160,160,160,120
16816,LFLC,2012-11-21,160,172,163,172,2159
16985,LFLC,2012-11-25,172,178,173,173,680
17072,LFLC,2012-11-26,173,182,176,182,479
17160,LFLC,2012-11-27,182,179,179,179,31
17245,LFLC,2012-11-28,179,183,180,180,88
17326,LFLC,2012-11-29,180,177,177,177,200
17398,LFLC,2012-12-02,177,174,174,174,100
17467,LFLC,2012-12-03,174,177,173,173,1272
17546,LFLC,2012-12-04,173,173,166,173,2896
17634,LFLC,2012-12-05,173,183,175,183,1112
17717,LFLC,2012-12-06,183,196,183,190,12495
17805,LFLC,2012-12-09,190,195,193,193,2906
17883,LFLC,2012-12-10,193,193,177,192,4721
17961,LFLC,2012-12-11,192,207,192,196,295
18763,LFLC,2012-12-26,196,196,196,196,10
19442,LFLC,2013-01-09,196,193,190,190,188
20663,LFLC,2013-02-04,190,187,187,187,38
20756,LFLC,2013-02-05,187,184,184,184,38
22753,LFLC,2013-03-17,184,175,172,172,248
22836,LFLC,2013-03-18,172,169,169,169,100
27575,LFLC,2013-06-13,169,166,157,157,40
27658,LFLC,2013-06-16,157,154,151,151,210
30275,LFLC,2013-07-28,151,150,150,150,50
31998,LFLC,2013-08-20,150,147,147,147,100
32223,LFLC,2013-08-26,147,145,143,143,249
32336,LFLC,2013-08-27,143,141,139,139,56
32448,LFLC,2013-08-29,139,141,141,141,100
32557,LFLC,2013-09-01,141,139,139,139,35
32668,LFLC,2013-09-02,139,137,137,137,62
32784,LFLC,2013-09-03,137,135,135,135,35
32894,LFLC,2013-09-04,135,133,129,129,238
33310,LFLC,2013-09-10,129,127,127,127,98
33635,LFLC,2013-09-15,127,125,125,125,69
33846,LFLC,2013-09-17,125,123,123,123,98
34065,LFLC,2013-09-22,123,125,123,125,494
34560,LFLC,2013-09-29,125,123,119,119,298
34662,LFLC,2013-09-30,119,120,120,120,294
34761,LFLC,2013-10-01,120,118,118,118,214
34958,LFLC,2013-10-03,118,118,118,118,444
35053,LFLC,2013-10-06,118,120,117,117,562
35140,LFLC,2013-10-07,117,115,115,115,261
35232,LFLC,2013-10-08,115,121,113,121,781
35315,LFLC,2013-10-09,121,123,120,123,228
35400,LFLC,2013-10-10,123,124,122,124,351
35549,LFLC,2013-10-20,124,122,122,122,71
35633,LFLC,2013-10-21,122,120,118,119,349
35731,LFLC,2013-10-22,119,119,118,118,148
35827,LFLC,2013-10-23,118,118,118,118,435
35920,LFLC,2013-10-24,118,118,118,118,200
36014,LFLC,2013-10-27,118,119,117,119,1362
36202,LFLC,2013-10-29,119,117,117,117,248
36492,LFLC,2013-11-06,117,115,115,115,50
36586,LFLC,2013-11-07,115,117,115,117,381
36710,LFLC,2013-11-11,115,115,113,115,113
36802,LFLC,2013-11-12,115,117,117,117,65
38102,LFLC,2013-12-05,117,125,119,125,108
38219,LFLC,2013-12-08,125,131,127,131,512
38339,LFLC,2013-12-09,131,133,133,133,50
38450,LFLC,2013-12-10,133,137,135,137,20
38576,LFLC,2013-12-11,137,139,139,139,60
38698,LFLC,2013-12-12,139,143,141,143,100
39223,LFLC,2013-12-22,143,145,145,145,23
39334,LFLC,2013-12-23,145,147,147,147,71
39555,LFLC,2013-12-26,147,150,149,150,912
39669,LFLC,2013-12-29,150,162,153,162,150
39773,LFLC,2013-12-31,162,178,165,178,473
39869,LFLC,2014-01-01,178,195,181,192,674
39968,LFLC,2014-01-02,192,195,189,189,195
40072,LFLC,2014-01-05,189,192,175,175,732
40286,LFLC,2014-01-07,175,172,166,166,130
40392,LFLC,2014-01-08,166,166,163,166,953
40499,LFLC,2014-01-09,166,169,160,169,949
40607,LFLC,2014-01-12,169,172,172,172,113
40720,LFLC,2014-01-13,172,172,172,172,30
40836,LFLC,2014-01-14,172,173,170,173,248
40950,LFLC,2014-01-16,173,179,175,175,452
41058,LFLC,2014-01-19,175,173,172,172,220
41161,LFLC,2014-01-20,172,175,169,175,871
41404,LFLC,2014-01-22,175,184,178,184,976
41526,LFLC,2014-01-23,184,187,181,181,2314
41654,LFLC,2014-01-26,181,193,183,193,1033
41780,LFLC,2014-01-27,193,197,191,197,1398
41899,LFLC,2014-01-28,197,204,200,200,1924
42017,LFLC,2014-01-29,200,200,196,196,707
42139,LFLC,2014-02-02,196,206,199,206,105
42262,LFLC,2014-02-03,206,214,210,214,50
42376,LFLC,2014-02-04,214,218,218,218,100
42745,LFLC,2014-02-10,213,209,205,205,597
42985,LFLC,2014-02-12,205,205,201,201,100
43360,LFLC,2014-02-17,201,197,188,188,942
43491,LFLC,2014-02-18,188,206,191,206,2179
43621,LFLC,2014-02-20,206,218,210,218,1389
43745,LFLC,2014-02-23,218,226,222,226,560
43995,LFLC,2014-02-25,226,230,225,230,1438
44120,LFLC,2014-02-26,230,234,234,234,16
44465,LFLC,2014-03-05,234,230,230,230,304
44593,LFLC,2014-03-06,230,226,222,222,293
44840,LFLC,2014-03-10,222,218,218,218,300
45077,LFLC,2014-03-12,218,214,214,214,78
46211,LFLC,2014-03-26,214,210,193,193,985
46340,LFLC,2014-03-27,193,195,187,193,3086
46464,LFLC,2014-03-31,193,190,187,190,511
46593,LFLC,2014-04-01,190,190,187,190,332
46727,LFLC,2014-04-02,190,190,187,190,621
46857,LFLC,2014-04-03,190,193,193,193,50
46985,LFLC,2014-04-06,193,196,196,196,105
47108,LFLC,2014-04-07,196,193,193,193,80
47228,LFLC,2014-04-09,193,190,190,190,423
47354,LFLC,2014-04-10,190,209,193,209,703
47475,LFLC,2014-04-13,209,214,208,210,1540
47601,LFLC,2014-04-15,210,207,201,201,1938
47719,LFLC,2014-04-16,201,200,193,193,1063
47843,LFLC,2014-04-17,168,174,167,167,1354
47968,LFLC,2014-04-20,167,170,170,170,21
48100,LFLC,2014-04-21,170,171,168,171,241
48354,LFLC,2014-04-23,171,168,168,168,25
49251,LFLC,2014-05-06,168,173,170,173,2379
49521,LFLC,2014-05-08,173,185,176,184,900
49655,LFLC,2014-05-11,184,193,187,193,1197
49791,LFLC,2014-05-12,193,196,190,196,464
49923,LFLC,2014-05-13,196,193,190,193,2098
50100,LFLC,2014-05-15,193,190,190,190,35
50101,LFLC,2014-05-15,193,190,190,190,35
50444,LFLC,2014-05-19,190,190,187,187,323
50583,LFLC,2014-05-20,187,185,184,184,169
50715,LFLC,2014-05-21,184,184,184,184,350
50993,LFLC,2014-05-25,184,181,181,181,1385
51272,LFLC,2014-05-27,181,187,184,187,540
51406,LFLC,2014-05-28,187,193,187,187,1258
51556,LFLC,2014-06-01,187,190,187,188,674
51697,LFLC,2014-06-02,188,188,185,188,609
51845,LFLC,2014-06-03,188,191,186,189,1324
52123,LFLC,2014-06-05,189,189,187,187,1054
52262,LFLC,2014-06-08,187,188,188,188,98
52535,LFLC,2014-06-10,188,191,191,191,64
52677,LFLC,2014-06-11,191,188,188,188,138
52815,LFLC,2014-06-12,188,185,185,185,203
52947,LFLC,2014-06-15,185,192,186,190,447
53080,LFLC,2014-06-16,190,196,191,192,2942
53276,LFLC,2014-06-17,192,195,190,195,1067
53277,LFLC,2014-06-17,192,195,190,195,1067
53488,LFLC,2014-06-18,195,197,191,191,4456
53631,LFLC,2014-06-19,191,204,194,196,1911
53758,LFLC,2014-06-23,196,199,198,199,148
53886,LFLC,2014-06-24,199,202,198,198,1136
54293,LFLC,2014-06-29,198,201,201,201,235
54427,LFLC,2014-06-30,201,201,200,201,311
54573,LFLC,2014-07-01,201,201,201,201,206
54713,LFLC,2014-07-02,201,200,197,200,248
54851,LFLC,2014-07-03,200,204,204,204,160
54998,LFLC,2014-07-06,204,212,204,212,2116
55148,LFLC,2014-07-07,212,216,209,209,2241
55307,LFLC,2014-07-08,209,229,213,229,790
55455,LFLC,2014-07-09,229,243,232,243,4720
55599,LFLC,2014-07-10,243,246,243,246,760
55742,LFLC,2014-07-13,246,246,246,246,773
55887,LFLC,2014-07-14,246,250,250,250,15
56032,LFLC,2014-07-15,250,270,250,270,3324
56179,LFLC,2014-07-16,270,297,275,297,770
56333,LFLC,2014-07-17,297,326,302,326,2589
56480,LFLC,2014-07-20,326,358,332,358,3758
56632,LFLC,2014-07-21,358,393,365,386,3616
56781,LFLC,2014-07-22,386,393,386,386,1352
56933,LFLC,2014-07-23,386,379,351,358,797
57089,LFLC,2014-07-24,358,351,323,323,1159
57239,LFLC,2014-07-27,323,317,305,305,1382
57373,LFLC,2014-07-28,305,299,290,290,498
57511,LFLC,2014-07-30,290,319,295,319,2426
57667,LFLC,2014-07-31,319,350,313,338,6005
57818,LFLC,2014-08-03,338,344,344,344,148
58119,LFLC,2014-08-05,344,340,334,334,504
58267,LFLC,2014-08-06,334,335,308,308,1627
58413,LFLC,2014-08-07,308,305,293,303,863
58548,LFLC,2014-08-12,303,314,305,307,1154
58682,LFLC,2014-08-13,307,301,295,295,250
58816,LFLC,2014-08-14,295,300,285,300,342
58964,LFLC,2014-08-18,300,302,285,285,1051
59107,LFLC,2014-08-19,285,285,275,277,1898
59252,LFLC,2014-08-20,277,277,272,272,142
59386,LFLC,2014-08-21,272,267,262,262,835
59521,LFLC,2014-08-24,262,262,257,261,275
59775,LFLC,2014-08-26,261,256,256,256,149
59906,LFLC,2014-08-27,256,261,261,261,450
60043,LFLC,2014-08-28,261,262,248,248,1207
60186,LFLC,2014-08-31,248,252,247,247,1084
60323,LFLC,2014-09-01,247,243,239,239,715
60579,LFLC,2014-09-04,239,235,231,235,319
60710,LFLC,2014-09-07,235,232,232,232,26
60840,LFLC,2014-09-09,232,240,236,240,175
61111,LFLC,2014-09-11,240,244,244,244,540
61234,LFLC,2014-09-14,244,257,248,257,253
61362,LFLC,2014-09-15,257,262,262,262,20
61495,LFLC,2014-09-16,262,258,258,258,486
62019,LFLC,2014-09-22,258,253,253,253,28
62145,LFLC,2014-09-23,253,253,253,253,33
62270,LFLC,2014-09-24,253,248,248,248,128
62407,LFLC,2014-09-28,248,244,224,224,921
62539,LFLC,2014-09-29,224,225,221,221,1209
62661,LFLC,2014-09-30,221,225,225,225,56
62772,LFLC,2014-10-08,225,222,221,221,257
62888,LFLC,2014-10-09,221,220,219,220,150
63023,LFLC,2014-10-12,220,220,212,213,1523
63148,LFLC,2014-10-13,213,209,205,209,755
63399,LFLC,2014-10-15,209,205,203,203,333
63917,LFLC,2014-10-21,203,202,202,202,1301
64047,LFLC,2014-10-22,202,205,205,205,177
64278,LFLC,2014-10-27,205,209,206,206,427
64405,LFLC,2014-10-28,206,203,203,203,113
64664,LFLC,2014-11-02,203,202,202,202,100
64794,LFLC,2014-11-03,202,209,205,208,404
65045,LFLC,2014-11-05,208,204,200,200,591
65308,LFLC,2014-11-09,200,200,200,200,50
65434,LFLC,2014-11-10,200,200,200,200,146
65695,LFLC,2014-11-12,200,204,204,204,108
65834,LFLC,2014-11-13,204,206,196,202,774
65966,LFLC,2014-11-16,202,202,202,202,50
66092,LFLC,2014-11-17,202,205,201,205,467
66213,LFLC,2014-11-18,205,201,198,198,110
66342,LFLC,2014-11-19,198,200,200,200,246
66734,LFLC,2014-11-24,200,204,196,199,1244
66860,LFLC,2014-11-25,199,200,200,200,44
67455,LFLC,2014-12-04,200,196,193,195,1804
67700,LFLC,2014-12-08,195,195,195,195,640
67829,LFLC,2014-12-09,195,192,192,192,140
68204,LFLC,2014-12-14,192,192,189,189,542
68585,LFLC,2014-12-17,189,195,186,195,1734
68964,LFLC,2014-12-22,195,193,192,192,110
69085,LFLC,2014-12-23,192,193,190,193,84
69216,LFLC,2014-12-24,193,196,196,196,176
69392,LFLC,2014-12-28,196,196,196,196,154
69393,LFLC,2014-12-28,196,196,196,196,154
69587,LFLC,2014-12-29,196,195,189,189,831
69707,LFLC,2014-12-31,189,186,185,185,155
69830,LFLC,2015-01-01,185,188,188,188,23
70087,LFLC,2015-01-05,188,193,188,189,320
70227,LFLC,2015-01-06,189,190,190,190,213
70364,LFLC,2015-01-07,190,193,190,193,479
70507,LFLC,2015-01-08,193,196,196,196,20
70928,LFLC,2015-01-13,196,200,194,200,299
71206,LFLC,2015-01-18,200,200,198,200,415
71353,LFLC,2015-01-19,200,204,204,204,226
71764,LFLC,2015-01-25,204,216,208,216,300
71906,LFLC,2015-01-26,216,232,220,231,1469
72057,LFLC,2015-01-27,231,230,218,220,903
72210,LFLC,2015-01-28,220,223,220,223,152
72352,LFLC,2015-01-29,223,229,227,229,644
72500,LFLC,2015-02-01,229,236,226,236,955
72647,LFLC,2015-02-02,236,239,230,239,2290
72790,LFLC,2015-02-03,239,235,231,235,663
72933,LFLC,2015-02-04,235,233,231,232,1370
73080,LFLC,2015-02-05,232,231,228,231,684
73229,LFLC,2015-02-08,231,228,223,223,368
73371,LFLC,2015-02-09,223,233,226,233,1441
73517,LFLC,2015-02-10,233,245,235,245,147
73810,LFLC,2015-02-12,245,253,249,253,60
73965,LFLC,2015-02-15,253,248,248,248,500
74564,LFLC,2015-02-22,248,248,240,240,583
74701,LFLC,2015-02-23,240,236,232,236,451
74844,LFLC,2015-02-24,236,232,224,224,396
74983,LFLC,2015-02-25,224,220,215,215,1144
75117,LFLC,2015-02-26,215,214,210,214,453
75256,LFLC,2015-03-01,214,220,218,220,340
75398,LFLC,2015-03-02,220,232,224,232,247
75543,LFLC,2015-03-03,232,233,225,233,422
75682,LFLC,2015-03-04,233,231,227,230,474
75835,LFLC,2015-03-09,230,238,230,230,1892
76134,LFLC,2015-03-11,230,233,229,233,742
76279,LFLC,2015-03-12,233,230,226,226,779
76427,LFLC,2015-03-15,226,226,222,226,474
76564,LFLC,2015-03-16,226,226,223,226,278
76701,LFLC,2015-03-17,226,230,228,230,82
76837,LFLC,2015-03-18,230,230,226,226,460
76971,LFLC,2015-03-19,226,230,225,227,966
77110,LFLC,2015-03-22,227,231,231,231,500
77249,LFLC,2015-03-23,231,230,227,230,245
77379,LFLC,2015-03-24,230,226,224,224,241
77502,LFLC,2015-03-25,224,220,220,220,90
77632,LFLC,2015-03-26,220,218,213,218,824
77754,LFLC,2015-03-29,218,218,212,214,1524
77875,LFLC,2015-03-30,214,215,211,215,1040
77998,LFLC,2015-03-31,215,219,215,219,672
78123,LFLC,2015-04-01,219,219,215,219,185
78247,LFLC,2015-04-02,219,215,215,215,206
78369,LFLC,2015-04-05,215,215,211,215,450
78489,LFLC,2015-04-06,215,219,211,216,1112
78731,LFLC,2015-04-08,216,218,215,218,450
78868,LFLC,2015-04-09,218,222,221,222,385
78997,LFLC,2015-04-12,222,219,218,218,196
79118,LFLC,2015-04-13,218,218,215,218,378
79246,LFLC,2015-04-15,218,220,218,220,1413
79481,LFLC,2015-04-19,220,216,216,216,113
79602,LFLC,2015-04-20,216,219,219,219,150
79724,LFLC,2015-04-21,219,218,216,218,1206
79844,LFLC,2015-04-22,218,219,215,219,1813
79971,LFLC,2015-04-23,219,216,210,211,3096
80379,LFLC,2015-05-31,211,207,207,207,10
80468,LFLC,2015-06-01,207,203,187,187,1001
80572,LFLC,2015-06-02,187,193,190,193,193
80680,LFLC,2015-06-03,193,196,195,195,583
80798,LFLC,2015-06-04,195,205,198,205,3367
81130,LFLC,2015-06-08,205,205,205,205,100
81131,LFLC,2015-06-08,205,205,205,205,100
81132,LFLC,2015-06-08,205,205,205,205,100
81419,LFLC,2015-06-09,205,209,203,203,1014
81547,LFLC,2015-06-10,203,205,205,205,100
81782,LFLC,2015-06-14,205,208,203,203,281
81899,LFLC,2015-06-15,203,199,194,196,1851
82028,LFLC,2015-06-16,196,195,189,195,2627
82269,LFLC,2015-06-18,195,192,189,189,30
82394,LFLC,2015-06-21,189,192,192,192,57
82514,LFLC,2015-06-22,192,195,195,195,66
82638,LFLC,2015-06-23,195,202,190,202,1571
82763,LFLC,2015-06-24,202,200,195,200,654
82900,LFLC,2015-06-25,200,200,197,200,334
83154,LFLC,2015-06-29,200,204,204,204,161
83286,LFLC,2015-06-30,204,200,200,200,792
83549,LFLC,2015-07-02,200,196,190,190,609
83681,LFLC,2015-07-05,190,190,185,187,2305
83811,LFLC,2015-07-06,187,190,184,190,838
83941,LFLC,2015-07-07,190,193,190,193,396
84079,LFLC,2015-07-08,193,193,193,193,24
84214,LFLC,2015-07-09,193,195,195,195,529
84346,LFLC,2015-07-12,195,201,198,201,1559
84474,LFLC,2015-07-13,201,197,195,195,970
84757,LFLC,2015-07-15,195,195,195,195,57
84901,LFLC,2015-07-16,195,195,194,194,196
85044,LFLC,2015-07-22,194,199,197,199,168
85731,LFLC,2015-07-29,199,218,202,218,2177
85880,LFLC,2015-07-30,218,230,220,228,3320
86135,LFLC,2015-08-03,228,224,221,221,411
86271,LFLC,2015-08-04,221,221,217,221,1043
86415,LFLC,2015-08-05,221,220,216,217,575
86557,LFLC,2015-08-06,217,221,213,217,413
86702,LFLC,2015-08-09,217,213,213,213,273
86837,LFLC,2015-08-10,213,220,210,220,1394
86968,LFLC,2015-08-11,220,220,216,218,835
87102,LFLC,2015-08-12,218,219,215,219,678
87238,LFLC,2015-08-13,219,216,212,215,603
87371,LFLC,2015-08-16,215,217,212,212,288
87503,LFLC,2015-08-17,212,216,210,210,582
87675,LFLC,2015-08-18,210,207,206,206,30
87676,LFLC,2015-08-18,210,207,206,206,30
87899,LFLC,2015-08-19,206,212,210,212,283
88038,LFLC,2015-08-20,212,216,208,214,655
88177,LFLC,2015-08-23,214,226,218,226,1565
88315,LFLC,2015-08-24,226,238,224,237,2256
88444,LFLC,2015-08-25,237,240,235,238,2770
88576,LFLC,2015-08-26,238,240,236,240,421
88706,LFLC,2015-08-27,240,243,231,233,2499
88839,LFLC,2015-08-31,233,236,232,232,97
88978,LFLC,2015-09-01,232,230,230,230,194
89112,LFLC,2015-09-02,230,228,227,227,864
89246,LFLC,2015-09-03,227,225,219,223,1063
89374,LFLC,2015-09-06,223,223,222,223,188
89497,LFLC,2015-09-07,223,220,216,216,338
89630,LFLC,2015-09-08,216,220,220,220,396
89765,LFLC,2015-09-09,220,232,224,231,1114
89897,LFLC,2015-09-10,231,254,235,254,6990
90031,LFLC,2015-09-13,254,259,249,252,1987
90167,LFLC,2015-09-14,252,257,245,245,1631
90306,LFLC,2015-09-15,245,253,249,253,696
90447,LFLC,2015-09-16,253,268,255,260,932
90585,LFLC,2015-09-17,260,270,263,265,4560
90720,LFLC,2015-09-22,265,260,250,250,170
90851,LFLC,2015-09-23,250,250,244,246,2219
90970,LFLC,2015-09-24,246,265,250,257,3824
91195,LFLC,2015-09-29,257,265,258,265,2177
91318,LFLC,2015-09-30,265,275,270,275,190
91562,LFLC,2015-10-04,275,270,260,260,823
91919,LFLC,2015-10-07,260,255,255,255,392
92038,LFLC,2015-10-08,255,252,252,252,84
92158,LFLC,2015-10-11,252,250,247,247,152
92274,LFLC,2015-10-14,247,244,243,244,621
92391,LFLC,2015-10-15,244,241,241,241,15
92502,LFLC,2015-10-18,241,245,244,245,1415
93538,LFLC,2015-11-08,245,249,249,249,170
93637,LFLC,2015-11-09,249,245,244,244,290
93750,LFLC,2015-11-10,244,240,233,237,2794
93948,LFLC,2015-11-16,237,234,233,234,443
94057,LFLC,2015-11-18,234,246,238,246,30
94488,LFLC,2015-11-24,246,242,242,242,50
94600,LFLC,2015-11-25,242,238,235,235,114
95253,LFLC,2015-12-03,235,231,220,223,1148
95366,LFLC,2015-12-06,223,227,216,220,456
95482,LFLC,2015-12-07,220,220,216,220,894
95606,LFLC,2015-12-08,220,218,218,218,594
95730,LFLC,2015-12-09,218,220,220,220,2175
95858,LFLC,2015-12-10,220,220,217,217,351
95982,LFLC,2015-12-13,217,219,215,219,956
96104,LFLC,2015-12-14,219,224,216,224,460
96216,LFLC,2015-12-15,224,232,228,232,562
96462,LFLC,2015-12-17,232,236,236,236,57
96586,LFLC,2015-12-20,236,232,232,232,14
96709,LFLC,2015-12-21,232,232,232,232,300
97453,LFLC,2015-12-29,232,228,226,226,678
97579,LFLC,2015-12-31,226,229,222,229,1324
97704,LFLC,2016-01-03,229,230,226,226,1001
98093,LFLC,2016-01-06,226,225,223,225,3072
98225,LFLC,2016-01-07,225,221,217,217,533
98355,LFLC,2016-01-10,217,226,220,226,4561
98484,LFLC,2016-01-11,226,226,219,220,443
98663,LFLC,2016-01-12,220,222,218,220,412
98664,LFLC,2016-01-12,220,222,218,220,412
98869,LFLC,2016-01-13,220,228,220,228,905
99002,LFLC,2016-01-14,228,234,222,234,3652
105037,LFLC,2016-04-05,192,209,201,209,30
105162,LFLC,2016-04-06,209,213,213,213,10
105284,LFLC,2016-04-10,213,221,217,221,20
105415,LFLC,2016-04-11,221,243,225,243,70
105537,LFLC,2016-04-12,243,267,247,267,12249
105661,LFLC,2016-04-14,267,293,272,293,8002
105783,LFLC,2016-04-17,293,306,293,305,11028
105907,LFLC,2016-04-18,305,335,311,334,2183
106041,LFLC,2016-04-19,334,328,306,315,2292
106172,LFLC,2016-04-20,315,333,316,333,4770
106302,LFLC,2016-04-21,333,327,321,327,1701
106424,LFLC,2016-04-24,327,321,310,310,932
106548,LFLC,2016-04-25,310,333,315,333,2839
106677,LFLC,2016-04-26,333,339,321,321,2510
106809,LFLC,2016-04-27,321,340,321,340,4106
106939,LFLC,2016-04-28,340,359,334,351,6125
107066,LFLC,2016-05-02,351,344,344,344,57
107194,LFLC,2016-05-03,344,350,338,338,2853
107450,LFLC,2016-05-05,338,343,338,343,978
107583,LFLC,2016-05-08,343,337,332,335,1145
107714,LFLC,2016-05-09,335,340,340,340,467
107847,LFLC,2016-05-10,340,374,346,374,8370
107979,LFLC,2016-05-11,374,381,367,367,2390
108115,LFLC,2016-05-12,367,365,361,364,857
108250,LFLC,2016-05-15,364,357,349,349,353
108384,LFLC,2016-05-16,349,343,331,331,1113
108515,LFLC,2016-05-17,331,340,335,340,1185
108653,LFLC,2016-05-18,340,340,334,334,5636
108787,LFLC,2016-05-19,334,336,332,336,2302
108919,LFLC,2016-05-22,336,342,318,324,1736
109057,LFLC,2016-05-23,324,330,324,330,1880
109190,LFLC,2016-05-24,330,342,330,342,1353
109329,LFLC,2016-05-25,342,337,330,330,550
109467,LFLC,2016-05-26,330,330,330,330,500
109724,LFLC,2016-05-30,330,336,335,336,1412
109857,LFLC,2016-05-31,336,330,324,328,1893
109991,LFLC,2016-06-01,328,334,334,334,100
110120,LFLC,2016-06-02,334,334,328,334,2900
110249,LFLC,2016-06-05,334,328,318,318,2002
110381,LFLC,2016-06-06,318,321,315,315,1154
110509,LFLC,2016-06-07,315,331,319,331,133
110643,LFLC,2016-06-08,331,334,334,334,1228
110779,LFLC,2016-06-09,334,340,334,334,799
110914,LFLC,2016-06-12,334,334,328,334,988
111049,LFLC,2016-06-13,334,341,335,335,770
111186,LFLC,2016-06-14,335,337,335,337,1133
111319,LFLC,2016-06-15,337,341,338,340,3489
111458,LFLC,2016-06-16,340,334,334,334,57
111595,LFLC,2016-06-19,334,346,340,346,70
111729,LFLC,2016-06-20,346,350,345,350,604
111865,LFLC,2016-06-21,350,357,348,352,1288
112000,LFLC,2016-06-22,352,377,358,377,2527
112133,LFLC,2016-06-23,377,384,372,372,1046
112271,LFLC,2016-06-26,372,365,358,358,100
112406,LFLC,2016-06-27,358,393,362,386,3170
112538,LFLC,2016-06-28,386,385,380,380,1615
112674,LFLC,2016-06-29,380,387,375,379,1657
112811,LFLC,2016-06-30,379,386,379,380,2915
112950,LFLC,2016-07-03,380,380,373,380,419
113088,LFLC,2016-07-04,380,380,374,380,2152
113228,LFLC,2016-07-05,380,393,380,393,2579
113367,LFLC,2016-07-06,393,425,399,425,4796
113508,LFLC,2016-07-10,425,421,417,421,3436
113651,LFLC,2016-07-11,421,425,413,413,4045
113937,LFLC,2016-07-13,413,409,400,405,5365
114078,LFLC,2016-07-14,405,412,400,412,456
114221,LFLC,2016-07-17,412,405,400,400,3991
114358,LFLC,2016-07-18,400,402,402,402,113
114495,LFLC,2016-07-19,402,410,403,410,750
114635,LFLC,2016-07-20,410,418,410,418,1900
114775,LFLC,2016-07-21,418,415,410,415,120
114919,LFLC,2016-07-25,415,428,415,428,2200
115062,LFLC,2016-07-26,428,452,436,450,7456
115207,LFLC,2016-07-27,450,495,459,495,2659
115354,LFLC,2016-07-28,495,504,475,475,6989
115497,LFLC,2016-07-31,475,470,466,470,1152
115640,LFLC,2016-08-01,470,465,460,460,441
115779,LFLC,2016-08-02,460,465,433,433,2550
115916,LFLC,2016-08-03,433,438,422,438,961
116055,LFLC,2016-08-04,438,440,420,440,625
116196,LFLC,2016-08-07,440,448,435,448,1772
116334,LFLC,2016-08-08,448,440,424,424,550
116448,LFLC,2016-08-09,424,416,416,416,57
116550,LFLC,2016-08-10,416,440,424,440,666
116697,LFLC,2016-08-11,440,465,441,460,2207
116841,LFLC,2016-08-14,460,451,428,440,5044
116981,LFLC,2016-08-15,440,440,432,440,1069
117126,LFLC,2016-08-16,440,484,448,484,11424
117268,LFLC,2016-08-17,484,487,460,484,6423
117410,LFLC,2016-08-21,484,483,475,475,1620
117554,LFLC,2016-08-22,475,475,466,466,344
117692,LFLC,2016-08-23,466,466,442,450,1104
117835,LFLC,2016-08-24,450,459,459,459,114
117976,LFLC,2016-08-28,459,460,460,460,57
118255,LFLC,2016-08-30,460,480,469,480,1000
118398,LFLC,2016-08-31,480,476,470,470,2860
118543,LFLC,2016-09-01,470,494,478,490,2314
118688,LFLC,2016-09-03,490,487,481,485,4619
118834,LFLC,2016-09-04,490,487,481,485,4619
118980,LFLC,2016-09-05,485,513,494,500,1164
119119,LFLC,2016-09-06,500,510,495,510,2057
119263,LFLC,2016-09-07,510,535,510,510,5296
119413,LFLC,2016-09-08,510,534,510,530,6333
119561,LFLC,2016-09-11,530,540,520,520,601
119704,LFLC,2016-09-12,520,530,520,520,2004
119848,LFLC,2016-09-14,520,525,518,518,1679
119993,LFLC,2016-09-18,518,518,509,515,261
120134,LFLC,2016-09-20,515,525,505,505,2500
120279,LFLC,2016-09-21,505,515,506,515,1466
120418,LFLC,2016-09-22,515,506,506,506,200
120556,LFLC,2016-09-25,506,501,490,490,1082
120693,LFLC,2016-09-26,490,499,481,495,1722
120829,LFLC,2016-09-27,495,495,486,495,2560
120969,LFLC,2016-09-28,495,499,490,495,989
121108,LFLC,2016-09-29,495,495,495,495,113
121380,LFLC,2016-10-03,495,490,487,487,680
121511,LFLC,2016-10-04,487,478,451,469,10221
121637,LFLC,2016-10-05,469,496,478,488,1101
121770,LFLC,2016-10-06,488,497,490,490,1010
121899,LFLC,2016-10-16,490,481,472,472,2811
122019,LFLC,2016-10-17,472,475,475,475,37
122372,LFLC,2016-10-20,475,470,466,470,1500
122497,LFLC,2016-10-23,470,461,461,461,24
122622,LFLC,2016-10-24,461,460,443,443,659
122751,LFLC,2016-10-25,443,440,412,428,1870
122875,LFLC,2016-10-26,428,444,428,444,1133
123007,LFLC,2016-10-27,444,440,427,427,1345
123140,LFLC,2016-11-03,427,442,428,428,2493
123263,LFLC,2016-11-07,428,429,426,426,2004
123401,LFLC,2016-11-08,426,422,414,414,1894
123535,LFLC,2016-11-09,414,417,409,417,1275
123662,LFLC,2016-11-10,417,416,408,408,2492
123795,LFLC,2016-11-13,408,416,400,400,1887
123931,LFLC,2016-11-14,400,413,385,413,912
124066,LFLC,2016-11-15,413,415,410,415,1616
124198,LFLC,2016-11-16,415,412,410,410,1500
124332,LFLC,2016-11-17,410,402,387,387,1876
124466,LFLC,2016-11-20,387,390,380,380,607
124591,LFLC,2016-11-21,380,384,366,384,687
124719,LFLC,2016-11-22,384,377,377,377,139
124849,LFLC,2016-11-23,377,370,363,365,393
124984,LFLC,2016-11-24,365,400,372,381,4487
125119,LFLC,2016-11-27,381,374,354,354,1869
125242,LFLC,2016-11-28,354,355,347,355,484
125368,LFLC,2016-11-29,355,388,360,388,590
125501,LFLC,2016-11-30,388,426,395,426,2820
125638,LFLC,2016-12-01,426,439,417,426,9251
125777,LFLC,2016-12-04,426,426,418,426,2684
125914,LFLC,2016-12-05,426,418,407,415,1620
126052,LFLC,2016-12-06,415,410,395,395,5038
126186,LFLC,2016-12-07,395,402,388,388,610
126322,LFLC,2016-12-08,388,390,383,388,903
126462,LFLC,2016-12-11,388,388,368,368,1603
126601,LFLC,2016-12-12,368,377,357,370,2662
126737,LFLC,2016-12-14,370,377,370,370,352
126871,LFLC,2016-12-15,370,377,377,377,50
127007,LFLC,2016-12-18,377,405,383,401,2473
127140,LFLC,2016-12-19,401,398,391,391,904
127279,LFLC,2016-12-20,391,398,384,384,668
127412,LFLC,2016-12-21,384,378,370,370,1308
127548,LFLC,2016-12-22,370,378,364,378,321
127682,LFLC,2016-12-26,378,371,360,361,695
127817,LFLC,2016-12-27,361,365,353,353,1530
127944,LFLC,2016-12-28,353,360,355,360,2897
128069,LFLC,2016-12-29,360,375,362,363,3724
128195,LFLC,2017-01-01,363,370,370,370,198
128331,LFLC,2017-01-02,370,391,365,380,4802
128458,LFLC,2017-01-03,281,276,276,276,200
128590,LFLC,2017-01-04,276,271,271,271,57
128714,LFLC,2017-01-05,271,272,272,272,274
128841,LFLC,2017-01-08,272,267,262,262,670
128973,LFLC,2017-01-09,262,262,258,258,1100
129089,LFLC,2017-01-10,258,254,253,253,500
129335,LFLC,2017-01-12,253,260,255,260,231
129451,LFLC,2017-01-15,260,265,265,265,20
129577,LFLC,2017-01-16,265,285,262,285,200
129972,LFLC,2017-01-19,285,285,285,285,137
130365,LFLC,2017-01-24,285,280,260,260,300
130496,LFLC,2017-01-25,260,255,245,245,773
130633,LFLC,2017-01-26,245,241,237,237,613
130893,LFLC,2017-01-31,237,233,230,230,850
131031,LFLC,2017-02-01,230,229,229,229,40
131166,LFLC,2017-02-02,229,233,229,233,627
131424,LFLC,2017-02-06,233,241,237,241,352
